-- MySQL dump 10.13  Distrib 8.0.22, for Linux (x86_64)
--
-- Host: localhost    Database: libroteka
-- ------------------------------------------------------
-- Server version	8.0.22-0ubuntu0.20.04.3

/*!40101 SET @OLD_CHARACTER_SET_CLIENT=@@CHARACTER_SET_CLIENT */;
/*!40101 SET @OLD_CHARACTER_SET_RESULTS=@@CHARACTER_SET_RESULTS */;
/*!40101 SET @OLD_COLLATION_CONNECTION=@@COLLATION_CONNECTION */;
/*!50503 SET NAMES utf8mb4 */;
/*!40103 SET @OLD_TIME_ZONE=@@TIME_ZONE */;
/*!40103 SET TIME_ZONE='+00:00' */;
/*!40014 SET @OLD_UNIQUE_CHECKS=@@UNIQUE_CHECKS, UNIQUE_CHECKS=0 */;
/*!40014 SET @OLD_FOREIGN_KEY_CHECKS=@@FOREIGN_KEY_CHECKS, FOREIGN_KEY_CHECKS=0 */;
/*!40101 SET @OLD_SQL_MODE=@@SQL_MODE, SQL_MODE='NO_AUTO_VALUE_ON_ZERO' */;
/*!40111 SET @OLD_SQL_NOTES=@@SQL_NOTES, SQL_NOTES=0 */;

--
-- Table structure for table `autors`
--

DROP TABLE IF EXISTS `autors`;
/*!40101 SET @saved_cs_client     = @@character_set_client */;
/*!50503 SET character_set_client = utf8mb4 */;
CREATE TABLE `autors` (
  `id` bigint unsigned NOT NULL AUTO_INCREMENT,
  `first_name` varchar(100) CHARACTER SET utf8 COLLATE utf8_unicode_ci NOT NULL,
  `last_name` varchar(100) CHARACTER SET utf8 COLLATE utf8_unicode_ci NOT NULL,
  `date_of_birth` date DEFAULT NULL,
  `gender` enum('M','F','other','ud') CHARACTER SET utf8 COLLATE utf8_unicode_ci DEFAULT 'ud',
  `country_id` bigint unsigned DEFAULT NULL,
  PRIMARY KEY (`id`),
  KEY `autors_full_autor_name_idx` (`first_name`,`last_name`),
  KEY `autors_date_of_birth_idx` (`date_of_birth`),
  KEY `country_id` (`country_id`),
  CONSTRAINT `autors_ibfk_1` FOREIGN KEY (`country_id`) REFERENCES `countries` (`id`) ON DELETE SET NULL ON UPDATE CASCADE
) ENGINE=InnoDB AUTO_INCREMENT=131 DEFAULT CHARSET=utf8 COLLATE=utf8_unicode_ci;
/*!40101 SET character_set_client = @saved_cs_client */;

--
-- Dumping data for table `autors`
--

LOCK TABLES `autors` WRITE;
/*!40000 ALTER TABLE `autors` DISABLE KEYS */;
INSERT INTO `autors` VALUES (1,'Wayne','Cummings','1981-07-25','F',240),(2,'Candace','Okuneva','1993-09-05','F',240),(3,'Shyanne','Kerluke','1979-03-01','F',25),(4,'Cristopher','Halvorson','1985-10-22','M',41),(5,'Curtis','Herzog','1997-04-10','ud',218),(6,'Lenna','Fritsch','1970-12-21','ud',119),(7,'Carleton','Bogisich','1976-01-07','F',102),(8,'Beatrice','Hettinger','1982-01-15','F',164),(9,'Jamir','Toy','2008-11-21','F',21),(10,'Jalon','O\'Reilly','1999-06-14','M',209),(11,'Rhiannon','Hauck','2013-06-19','M',12),(12,'Hilario','Thompson','1986-09-03','M',9),(13,'Birdie','Klocko','1974-11-09','F',173),(14,'Murray','Breitenberg','2009-03-09','ud',120),(15,'Ethan','Haley','1998-08-21','F',126),(16,'Letitia','Volkman','1990-12-27','M',48),(17,'Marisol','Mayer','1983-07-08','F',143),(18,'Beau','Altenwerth','2012-03-25','ud',237),(19,'Elouise','Wintheiser','2010-08-25','M',236),(20,'Marietta','Bruen','2007-09-17','F',185),(21,'Margarett','Cronin','1996-02-04','F',102),(22,'Gerson','Stanton','1989-08-15','F',199),(23,'Layla','Beatty','2002-07-29','ud',46),(24,'Dawson','Hilll','1986-07-17','F',145),(25,'Arnold','Larson','2004-09-25','F',112),(26,'Kylie','Becker','1991-08-17','F',204),(27,'Kamron','Bins','1997-07-08','M',221),(28,'Monserrat','Zboncak','1974-09-12','ud',132),(29,'Consuelo','Gleichner','2002-06-27','F',87),(30,'Paul','Kozey','2016-06-11','F',18),(31,'Deborah','Senger','1983-10-09','F',115),(32,'Jo','Kautzer','1992-03-02','ud',86),(33,'Frankie','Hoeger','1985-04-15','ud',18),(34,'Milford','Dickens','1999-10-25','M',140),(35,'Talia','Hessel','1986-03-18','M',127),(36,'Jimmy','Hilll','2001-04-21','ud',235),(37,'Helena','Emmerich','1981-04-13','ud',18),(38,'Antonette','Veum','2011-07-09','M',229),(39,'Wava','Bartoletti','1973-05-15','ud',158),(40,'Lupe','Hettinger','2012-04-21','M',39),(41,'Guido','Stanton','1990-06-27','M',198),(42,'Nedra','Schultz','1985-10-05','ud',170),(43,'Aracely','Stehr','1986-02-26','M',47),(44,'Maxime','Balistreri','1988-09-05','F',131),(45,'Vincent','Romaguera','2007-06-23','M',49),(46,'Garnett','Cassin','1984-06-16','ud',172),(47,'Stacey','Mann','1986-04-26','M',178),(48,'Sid','Leuschke','1991-07-20','M',192),(49,'June','Mante','2001-03-14','M',169),(50,'Gerhard','Marvin','2017-04-10','F',174),(51,'Providenci','Howe','1991-02-28','F',137),(52,'Alta','Simonis','1980-01-07','M',30),(53,'Kylie','Rutherford','2012-12-12','F',133),(54,'Estel','Wehner','1990-08-21','ud',182),(55,'Allene','Homenick','2010-05-18','ud',174),(56,'Maryse','Mohr','2002-07-22','ud',4),(57,'Francesco','Hessel','2018-12-16','M',145),(58,'Coralie','Wisoky','2002-03-24','M',154),(59,'Twila','Mayert','1970-12-09','ud',135),(60,'Brandy','Stehr','1982-01-17','ud',232),(61,'Dee','Klocko','2009-10-15','ud',172),(62,'Jan','Daniel','1979-09-09','F',10),(63,'Philip','Larson','2011-12-07','F',78),(64,'Genesis','Klein','1977-08-15','ud',189),(65,'Cynthia','King','1979-07-03','F',149),(66,'Domenico','Armstrong','1976-12-08','M',204),(67,'Russell','Hettinger','2019-01-30','ud',183),(68,'Justyn','Bailey','1993-11-03','M',166),(69,'Mac','Ankunding','1979-01-14','M',193),(70,'Monty','Goyette','2007-10-27','M',101),(71,'Andre','Reichert','2018-03-21','M',204),(72,'Mireya','Cole','1997-01-20','ud',150),(73,'Burnice','Zemlak','2019-05-14','ud',31),(74,'Jamel','Schultz','2008-11-10','M',11),(75,'Laney','Gislason','1991-04-12','M',40),(76,'Morgan','Volkman','2002-04-04','M',79),(77,'Amber','Wolff','1972-02-23','F',183),(78,'Grace','Funk','1987-01-24','M',218),(79,'Carlie','Reichert','2002-06-15','F',31),(80,'Jensen','White','1983-06-20','F',111),(81,'Adeline','Nicolas','1989-01-08','M',152),(82,'Andreanne','Roob','2011-12-13','M',167),(83,'Eudora','Skiles','2017-12-27','ud',140),(84,'Orlo','Keebler','1986-11-22','F',44),(85,'Monica','Simonis','1985-01-15','ud',109),(86,'Cordell','Stracke','2003-04-14','M',74),(87,'Adah','D\'Amore','2002-11-01','F',47),(88,'Jamarcus','Schuppe','1979-05-04','F',13),(89,'Lilyan','Bashirian','1989-11-15','M',228),(90,'Kelvin','Daniel','2002-03-22','M',182),(91,'Rollin','Donnelly','1996-04-01','ud',5),(92,'Helga','Rippin','1986-04-07','M',159),(93,'Marisol','Hyatt','1980-12-07','M',191),(94,'Dawson','Howe','1979-08-02','M',82),(95,'Tomas','Pouros','1974-01-02','ud',107),(96,'Gideon','Terry','1982-01-06','ud',99),(97,'Mavis','Littel','2017-07-15','ud',46),(98,'April','Kovacek','2004-10-22','ud',50),(99,'Joany','Cruickshank','2016-12-19','F',25),(100,'Roxanne','Lehner','1992-01-03','F',239),(101,'Alfredo','Olson','1986-08-19','M',151),(102,'Anika','Kirlin','2012-06-26','F',229),(103,'Leola','Rodriguez','2014-08-27','F',148),(104,'Yasmin','Roob','1976-12-09','ud',181),(105,'Joey','Frami','1977-08-13','F',239),(106,'Karina','Barton','1995-12-26','F',188),(107,'Kayley','Strosin','2013-12-22','F',20),(108,'Mia','Brekke','1982-12-08','F',182),(109,'Dillon','Brekke','2019-09-03','ud',166),(110,'Florida','Gottlieb','2015-08-30','ud',50),(111,'Geo','Gaylord','2008-08-13','M',52),(112,'Vena','Batz','1977-03-18','F',77),(113,'Olin','Medhurst','2005-07-18','ud',216),(114,'Raquel','Durgan','1977-05-09','F',192),(115,'Roscoe','Heathcote','1990-09-03','M',120),(116,'Judy','Stokes','2017-09-19','ud',84),(117,'Sedrick','Bergstrom','2012-03-10','ud',25),(118,'Tobin','Ernser','1991-08-08','M',167),(119,'Dedric','Homenick','1977-04-02','M',97),(120,'Rory','Block','1976-07-16','F',12),(121,'Lyla','Abshire','1978-08-11','M',108),(122,'Ottilie','Nolan','1973-09-25','ud',101),(123,'Jerrold','Legros','2004-07-28','F',170),(124,'Emery','Gerlach','2006-10-23','M',58),(125,'Jedediah','Becker','1982-04-09','ud',183),(126,'Clovis','Kuhic','1998-03-20','M',37),(127,'Dana','Kulas','2006-10-31','M',157),(128,'Jovanny','Swaniawski','1983-10-02','ud',229),(129,'Macy','Baumbach','2008-12-18','M',86),(130,'Dorris','Schoen','2005-02-24','F',181);
/*!40000 ALTER TABLE `autors` ENABLE KEYS */;
UNLOCK TABLES;

--
-- Table structure for table `countries`
--

DROP TABLE IF EXISTS `countries`;
/*!40101 SET @saved_cs_client     = @@character_set_client */;
/*!50503 SET character_set_client = utf8mb4 */;
CREATE TABLE `countries` (
  `id` bigint unsigned NOT NULL AUTO_INCREMENT,
  `name` varchar(255) CHARACTER SET utf8 COLLATE utf8_unicode_ci NOT NULL,
  PRIMARY KEY (`id`),
  UNIQUE KEY `name` (`name`)
) ENGINE=InnoDB AUTO_INCREMENT=241 DEFAULT CHARSET=utf8 COLLATE=utf8_unicode_ci;
/*!40101 SET character_set_client = @saved_cs_client */;

--
-- Dumping data for table `countries`
--

LOCK TABLES `countries` WRITE;
/*!40000 ALTER TABLE `countries` DISABLE KEYS */;
INSERT INTO `countries` VALUES (47,'Afghanistan'),(22,'Albania'),(86,'Algeria'),(237,'American Samoa'),(208,'Angola'),(7,'Anguilla'),(15,'Antarctica (the territory South of 60 deg S)'),(95,'Antigua and Barbuda'),(96,'Argentina'),(100,'Armenia'),(98,'Aruba'),(73,'Australia'),(157,'Austria'),(174,'Azerbaijan'),(216,'Bahamas'),(78,'Bahrain'),(225,'Bangladesh'),(182,'Barbados'),(169,'Belarus'),(212,'Belgium'),(18,'Belize'),(107,'Benin'),(112,'Bermuda'),(156,'Bhutan'),(19,'Bolivia'),(60,'Bosnia and Herzegovina'),(8,'Botswana'),(52,'Bouvet Island (Bouvetoya)'),(195,'Brazil'),(46,'British Indian Ocean Territory (Chagos Archipelago)'),(56,'British Virgin Islands'),(55,'Brunei Darussalam'),(16,'Bulgaria'),(130,'Burkina Faso'),(90,'Burundi'),(27,'Cambodia'),(67,'Cameroon'),(207,'Canada'),(9,'Cape Verde'),(14,'Cayman Islands'),(180,'Central African Republic'),(63,'Chad'),(136,'Chile'),(152,'China'),(154,'Christmas Island'),(24,'Cocos (Keeling) Islands'),(230,'Colombia'),(10,'Comoros'),(114,'Congo'),(187,'Cook Islands'),(40,'Costa Rica'),(44,'Cote d\'Ivoire'),(25,'Croatia'),(222,'Cuba'),(166,'Cyprus'),(178,'Czech Republic'),(129,'Denmark'),(185,'Djibouti'),(113,'Dominica'),(221,'Dominican Republic'),(238,'Ecuador'),(149,'Egypt'),(26,'El Salvador'),(61,'Equatorial Guinea'),(139,'Eritrea'),(77,'Estonia'),(165,'Ethiopia'),(220,'Falkland Islands (Malvinas)'),(142,'Faroe Islands'),(11,'Fiji'),(118,'Finland'),(104,'France'),(160,'French Guiana'),(1,'French Polynesia'),(197,'French Southern Territories'),(226,'Gabon'),(209,'Gambia'),(198,'Georgia'),(151,'Germany'),(140,'Ghana'),(109,'Gibraltar'),(194,'Greece'),(79,'Greenland'),(201,'Grenada'),(37,'Guadeloupe'),(116,'Guam'),(33,'Guatemala'),(233,'Guernsey'),(231,'Guinea'),(80,'Guinea-Bissau'),(13,'Guyana'),(141,'Haiti'),(228,'Heard Island and McDonald Islands'),(218,'Holy See (Vatican City State)'),(175,'Honduras'),(167,'Hong Kong'),(235,'Hungary'),(72,'Iceland'),(110,'India'),(62,'Indonesia'),(106,'Iran'),(199,'Iraq'),(135,'Ireland'),(89,'Isle of Man'),(215,'Israel'),(127,'Italy'),(234,'Jamaica'),(205,'Japan'),(192,'Jersey'),(229,'Jordan'),(97,'Kazakhstan'),(119,'Kenya'),(74,'Kiribati'),(12,'Korea'),(211,'Kuwait'),(223,'Kyrgyz Republic'),(5,'Lao People\'s Democratic Republic'),(58,'Lebanon'),(102,'Lesotho'),(176,'Liberia'),(34,'Libyan Arab Jamahiriya'),(184,'Liechtenstein'),(83,'Lithuania'),(148,'Luxembourg'),(172,'Macao'),(38,'Macedonia'),(108,'Madagascar'),(186,'Malawi'),(159,'Malaysia'),(179,'Maldives'),(48,'Mali'),(51,'Malta'),(57,'Marshall Islands'),(214,'Martinique'),(53,'Mauritania'),(88,'Mayotte'),(177,'Mexico'),(2,'Micronesia'),(163,'Moldova'),(202,'Monaco'),(190,'Mongolia'),(121,'Montenegro'),(103,'Montserrat'),(204,'Morocco'),(122,'Mozambique'),(49,'Myanmar'),(150,'Namibia'),(146,'Nauru'),(29,'Nepal'),(144,'Netherlands'),(30,'Netherlands Antilles'),(236,'New Caledonia'),(219,'New Zealand'),(173,'Nicaragua'),(91,'Niger'),(41,'Nigeria'),(188,'Niue'),(133,'Norfolk Island'),(217,'Northern Mariana Islands'),(224,'Norway'),(131,'Oman'),(143,'Pakistan'),(3,'Palau'),(64,'Palestinian Territory'),(65,'Panama'),(39,'Papua New Guinea'),(120,'Paraguay'),(153,'Peru'),(181,'Philippines'),(21,'Pitcairn Islands'),(45,'Poland'),(210,'Portugal'),(71,'Puerto Rico'),(76,'Qatar'),(125,'Reunion'),(81,'Romania'),(87,'Russian Federation'),(158,'Rwanda'),(36,'Saint Barthelemy'),(145,'Saint Helena'),(171,'Saint Kitts and Nevis'),(59,'Saint Lucia'),(94,'Saint Martin'),(161,'Saint Pierre and Miquelon'),(28,'Saint Vincent and the Grenadines'),(134,'Samoa'),(193,'San Marino'),(162,'Sao Tome and Principe'),(66,'Saudi Arabia'),(189,'Senegal'),(6,'Serbia'),(155,'Seychelles'),(85,'Sierra Leone'),(227,'Singapore'),(115,'Slovakia (Slovak Republic)'),(138,'Slovenia'),(93,'Solomon Islands'),(213,'Somalia'),(124,'South Africa'),(147,'South Georgia and the South Sandwich Islands'),(92,'Spain'),(42,'Sri Lanka'),(206,'Sudan'),(117,'Suriname'),(164,'Svalbard & Jan Mayen Islands'),(196,'Swaziland'),(191,'Sweden'),(132,'Switzerland'),(43,'Syrian Arab Republic'),(35,'Taiwan'),(70,'Tajikistan'),(17,'Tanzania'),(183,'Thailand'),(123,'Timor-Leste'),(126,'Togo'),(84,'Tokelau'),(200,'Tonga'),(137,'Trinidad and Tobago'),(54,'Tunisia'),(240,'Turkey'),(82,'Turkmenistan'),(68,'Turks and Caicos Islands'),(50,'Tuvalu'),(4,'Uganda'),(239,'Ukraine'),(168,'United Arab Emirates'),(69,'United Kingdom'),(128,'United States Minor Outlying Islands'),(232,'United States of America'),(203,'United States Virgin Islands'),(32,'Uruguay'),(20,'Uzbekistan'),(111,'Vanuatu'),(75,'Venezuela'),(99,'Vietnam'),(105,'Wallis and Futuna'),(101,'Western Sahara'),(170,'Yemen'),(23,'Zambia'),(31,'Zimbabwe');
/*!40000 ALTER TABLE `countries` ENABLE KEYS */;
UNLOCK TABLES;

--
-- Temporary view structure for view `countries_info`
--

DROP TABLE IF EXISTS `countries_info`;
/*!50001 DROP VIEW IF EXISTS `countries_info`*/;
SET @saved_cs_client     = @@character_set_client;
/*!50503 SET character_set_client = utf8mb4 */;
/*!50001 CREATE VIEW `countries_info` AS SELECT 
 1 AS `id`,
 1 AS `country`,
 1 AS `total_autors`,
 1 AS `total_users`,
 1 AS `total_titles`*/;
SET character_set_client = @saved_cs_client;

--
-- Table structure for table `follow_autors`
--

DROP TABLE IF EXISTS `follow_autors`;
/*!40101 SET @saved_cs_client     = @@character_set_client */;
/*!50503 SET character_set_client = utf8mb4 */;
CREATE TABLE `follow_autors` (
  `id` bigint unsigned NOT NULL AUTO_INCREMENT,
  `user_id` bigint unsigned NOT NULL,
  `autor_id` bigint unsigned NOT NULL,
  `created_at` timestamp NOT NULL DEFAULT CURRENT_TIMESTAMP,
  `updated_at` timestamp NOT NULL DEFAULT CURRENT_TIMESTAMP ON UPDATE CURRENT_TIMESTAMP,
  PRIMARY KEY (`id`),
  KEY `user_id` (`user_id`),
  KEY `autor_id` (`autor_id`),
  CONSTRAINT `follow_autors_ibfk_1` FOREIGN KEY (`user_id`) REFERENCES `users` (`id`) ON UPDATE CASCADE,
  CONSTRAINT `follow_autors_ibfk_2` FOREIGN KEY (`autor_id`) REFERENCES `autors` (`id`) ON UPDATE CASCADE
) ENGINE=InnoDB AUTO_INCREMENT=401 DEFAULT CHARSET=utf8 COLLATE=utf8_unicode_ci;
/*!40101 SET character_set_client = @saved_cs_client */;

--
-- Dumping data for table `follow_autors`
--

LOCK TABLES `follow_autors` WRITE;
/*!40000 ALTER TABLE `follow_autors` DISABLE KEYS */;
INSERT INTO `follow_autors` VALUES (1,21,64,'2006-10-03 14:28:38','2020-12-18 10:13:24'),(2,87,1,'1985-04-02 17:52:51','1998-02-24 03:14:03'),(3,18,104,'2019-07-05 20:14:03','2020-12-18 10:13:24'),(4,31,10,'1994-08-10 07:38:13','2020-12-18 10:13:24'),(5,28,78,'2005-04-02 22:03:24','2020-12-18 10:13:24'),(6,82,19,'1973-12-03 08:31:12','2020-12-18 10:13:24'),(7,99,6,'1997-01-10 00:02:01','2020-12-18 10:13:24'),(8,86,78,'2000-06-25 00:12:24','2020-12-18 10:13:24'),(9,94,95,'1973-06-02 07:38:33','1980-06-01 21:48:20'),(10,42,2,'1989-09-01 07:06:17','1995-10-21 10:32:08'),(11,99,19,'2004-08-25 07:32:08','2020-12-18 10:13:24'),(12,7,23,'1994-11-08 09:59:54','2020-12-18 10:13:24'),(13,28,99,'1974-05-08 14:30:59','2011-07-27 19:35:48'),(14,33,97,'1974-09-29 05:35:10','2007-06-17 09:02:44'),(15,6,104,'2000-06-28 20:44:57','2005-02-06 14:30:58'),(16,95,35,'1976-12-15 18:04:39','1993-08-08 02:16:35'),(17,29,105,'2018-02-11 16:18:17','2020-12-18 10:13:24'),(18,27,60,'1992-01-14 09:42:48','2020-12-18 10:13:24'),(19,61,74,'2001-11-08 09:08:54','2020-12-18 10:13:24'),(20,54,115,'2009-11-06 13:20:27','2013-06-14 17:21:01'),(21,17,46,'1998-03-12 14:02:23','2020-12-18 10:13:24'),(22,3,19,'1980-03-29 16:20:14','1983-05-12 19:38:41'),(23,39,114,'2004-07-03 12:02:04','2020-12-18 10:13:24'),(24,74,43,'1982-01-28 08:41:30','2020-12-18 10:13:24'),(25,61,20,'1997-07-08 18:53:54','2016-10-31 07:47:15'),(26,34,77,'1976-03-03 10:57:24','1994-04-18 18:24:44'),(27,30,53,'2006-09-22 17:52:29','2020-12-18 10:13:24'),(28,77,74,'2011-05-05 14:32:27','2020-12-18 10:13:24'),(29,17,13,'1973-12-01 01:50:20','1985-07-06 17:45:49'),(30,31,29,'2008-01-13 13:16:43','2020-12-18 10:13:24'),(31,89,33,'1991-02-11 17:21:39','2002-09-07 02:31:33'),(32,49,22,'1989-09-19 23:57:02','2012-03-24 17:15:04'),(33,6,97,'1987-08-02 07:09:42','2013-08-22 01:58:28'),(34,63,86,'2003-10-31 12:51:56','2011-04-05 17:15:07'),(35,31,21,'1978-11-30 19:02:24','2014-04-13 16:21:36'),(36,54,62,'1991-03-22 01:27:53','2014-07-10 13:22:38'),(37,51,74,'1989-06-17 03:40:55','2012-11-14 14:27:31'),(38,62,117,'1979-11-23 21:14:05','2015-01-14 00:55:45'),(39,44,46,'1993-09-06 18:12:27','2020-12-18 10:13:24'),(40,22,5,'2016-02-29 07:14:12','2020-12-18 10:13:24'),(41,50,72,'1995-09-27 21:00:04','2016-07-21 19:52:25'),(42,63,103,'1986-02-17 00:56:45','1992-01-17 18:42:24'),(43,96,52,'2000-02-22 08:11:37','2020-12-18 10:13:24'),(44,35,16,'1972-05-24 09:34:54','1988-04-24 00:44:51'),(45,49,86,'2007-04-02 13:43:07','2020-05-25 18:39:59'),(46,34,49,'1974-04-28 01:20:41','1998-12-18 12:36:33'),(47,91,107,'1977-06-29 01:56:55','1991-07-07 08:17:16'),(48,55,126,'1991-12-20 09:07:52','2020-12-18 10:13:24'),(49,57,22,'2020-05-15 22:47:58','2020-12-18 10:13:24'),(50,63,114,'2019-04-21 03:28:30','2020-12-18 10:13:24'),(51,33,21,'2011-08-17 17:03:06','2020-12-18 10:13:24'),(52,35,108,'2005-08-25 00:29:04','2020-12-18 10:13:24'),(53,73,124,'1978-05-08 19:13:51','2020-12-18 10:13:24'),(54,73,21,'2011-01-12 02:19:55','2020-12-18 10:13:24'),(55,30,122,'2014-03-30 10:02:10','2020-12-18 10:13:24'),(56,20,104,'1975-08-20 18:00:22','2020-12-18 10:13:24'),(57,50,108,'1983-04-26 11:26:27','2005-11-11 19:49:37'),(58,59,59,'2006-11-08 23:02:38','2019-09-18 23:28:17'),(59,22,122,'1989-02-07 20:30:15','2013-08-09 19:01:40'),(60,57,93,'1997-10-18 21:57:59','2010-05-09 13:06:11'),(61,60,119,'1993-02-23 23:56:16','1993-03-20 10:16:48'),(62,9,65,'2007-07-14 19:36:13','2020-12-18 10:13:24'),(63,73,82,'2018-05-25 07:25:52','2020-12-18 10:13:24'),(64,47,38,'2015-02-09 03:15:09','2020-12-18 10:13:24'),(65,79,11,'1970-12-05 16:16:34','1996-08-10 10:06:37'),(66,17,15,'1972-11-04 19:23:09','2010-09-21 18:11:41'),(67,25,66,'1988-08-26 04:31:56','2020-12-18 10:13:24'),(68,95,126,'1979-02-12 17:16:38','2018-11-28 13:19:38'),(69,46,86,'2018-11-28 16:50:49','2020-12-18 10:13:24'),(70,13,99,'2020-03-08 05:49:45','2020-12-18 10:13:24'),(71,60,42,'1988-11-16 17:08:50','1996-05-29 23:11:37'),(72,56,12,'1979-11-04 19:09:46','2018-04-03 16:51:21'),(73,15,19,'2020-01-07 07:32:56','2020-12-18 10:13:24'),(74,54,48,'2020-01-17 21:43:31','2020-12-18 10:13:24'),(75,8,14,'2001-10-15 15:04:19','2020-12-18 10:13:24'),(76,8,87,'1996-07-10 11:47:22','2020-12-18 10:13:24'),(77,2,20,'1986-11-16 17:42:26','1987-02-22 23:43:06'),(78,16,97,'2019-04-22 17:52:58','2020-12-18 10:13:24'),(79,78,81,'1994-03-14 13:54:43','2020-12-18 10:13:24'),(80,4,74,'1991-07-03 14:53:58','2015-05-06 10:27:03'),(81,71,26,'1987-06-30 02:02:09','2004-10-02 12:03:47'),(82,68,123,'1995-01-07 05:27:35','2002-05-12 23:47:45'),(83,71,81,'1992-08-17 04:54:09','2019-11-13 13:04:01'),(84,91,21,'1975-02-16 01:38:15','1987-06-14 06:31:10'),(85,29,5,'2011-12-03 14:29:19','2020-12-18 10:13:24'),(86,92,115,'2008-06-29 06:58:29','2020-12-18 10:13:24'),(87,36,62,'1989-03-23 15:21:15','1995-03-24 00:42:46'),(88,97,65,'2005-07-07 17:09:29','2020-12-18 10:13:24'),(89,62,66,'2016-07-11 19:30:28','2020-12-18 10:13:24'),(90,86,89,'1984-09-28 14:13:03','2005-02-24 00:21:36'),(91,61,121,'1983-03-14 10:10:03','2020-12-18 10:13:24'),(92,35,81,'1983-11-10 05:55:27','1992-06-12 14:07:31'),(93,8,66,'1979-08-28 19:54:07','1984-01-28 04:03:48'),(94,37,111,'2016-01-08 13:23:30','2016-07-01 19:29:13'),(95,13,52,'1990-03-01 18:41:07','2003-11-22 11:40:47'),(96,42,108,'1987-10-21 04:10:53','2020-12-18 10:13:24'),(97,59,13,'1988-01-18 22:46:25','1994-07-17 21:29:51'),(98,77,38,'1975-07-27 03:58:12','2006-12-16 00:44:33'),(99,72,89,'2017-05-28 21:56:28','2020-12-18 10:13:24'),(100,45,130,'1982-07-11 14:11:34','2020-12-18 10:13:24'),(101,72,48,'2020-04-25 18:22:07','2020-12-18 10:13:24'),(102,88,8,'1994-03-13 17:02:25','2008-09-13 10:14:47'),(103,84,110,'2013-10-31 10:08:16','2020-12-18 10:13:24'),(104,56,59,'1979-08-28 02:28:39','1984-03-31 16:40:21'),(105,35,54,'1978-06-08 20:55:56','2020-12-18 10:13:24'),(106,14,124,'2020-12-11 03:09:19','2020-12-18 10:13:24'),(107,34,62,'2018-01-31 09:22:48','2020-12-18 10:13:24'),(108,58,54,'1989-07-24 16:48:23','2019-01-06 18:34:10'),(109,99,122,'2004-07-06 23:23:36','2010-04-21 12:25:45'),(110,27,14,'2001-09-10 00:15:02','2020-12-18 10:13:24'),(111,33,89,'1990-12-13 11:08:06','2017-05-18 14:44:48'),(112,94,119,'2001-01-16 09:00:15','2009-06-18 19:24:51'),(113,78,92,'1989-08-29 18:15:43','2011-08-22 07:02:32'),(114,21,65,'1987-08-24 02:48:27','2020-12-18 10:13:24'),(115,38,85,'1996-04-17 04:39:42','2020-12-18 10:13:24'),(116,50,12,'2015-03-05 05:55:29','2020-12-18 10:13:24'),(117,2,48,'2019-08-31 18:50:02','2020-12-18 10:13:24'),(118,15,111,'1974-01-28 23:58:21','1990-08-17 12:54:56'),(119,21,92,'1970-12-27 07:05:23','2004-10-25 21:24:00'),(120,31,72,'2012-10-24 12:51:49','2020-12-18 10:13:24'),(121,12,57,'2007-09-11 16:37:37','2020-12-18 10:13:24'),(122,51,59,'2011-06-04 09:49:25','2020-12-18 10:13:24'),(123,91,10,'1970-01-26 21:32:47','1995-04-20 04:01:47'),(124,86,116,'2018-02-28 13:19:45','2020-12-18 10:13:24'),(125,2,17,'1974-03-14 05:50:34','2007-03-05 07:58:31'),(126,100,45,'2008-06-19 05:50:06','2020-12-18 10:13:24'),(127,81,121,'2018-07-22 09:33:21','2020-12-18 10:13:24'),(128,26,77,'2010-06-24 09:42:38','2020-12-18 10:13:24'),(129,63,60,'1971-09-06 08:48:15','2020-12-18 10:13:24'),(130,9,1,'1976-01-22 11:47:07','2002-02-08 20:07:59'),(131,11,75,'2010-09-15 11:38:44','2020-12-18 10:13:24'),(132,10,16,'2012-05-27 01:36:22','2020-12-18 10:13:24'),(133,94,32,'1979-10-29 02:05:04','2020-12-18 10:13:24'),(134,98,19,'2013-10-08 11:10:13','2020-12-18 10:13:24'),(135,95,36,'2019-07-13 20:11:10','2020-12-18 10:13:24'),(136,70,8,'2010-01-15 12:33:53','2020-12-18 10:13:24'),(137,71,27,'1970-02-14 08:12:47','1986-12-22 12:35:59'),(138,51,80,'1996-01-05 21:52:09','2020-12-18 10:13:24'),(139,28,47,'1981-04-17 20:26:33','2016-10-03 23:52:00'),(140,51,38,'1997-05-07 20:07:30','2020-12-18 10:13:24'),(141,49,65,'2001-06-12 23:03:54','2006-09-18 22:32:56'),(142,63,38,'1972-09-13 08:55:15','2002-02-16 08:29:18'),(143,43,115,'1992-11-21 04:35:53','2020-12-18 10:13:24'),(144,88,6,'2006-06-19 23:13:25','2020-12-18 10:13:24'),(145,34,125,'1979-08-15 23:25:40','1983-04-30 05:32:22'),(146,5,59,'2015-03-17 15:41:02','2020-12-18 10:13:24'),(147,54,19,'2006-09-26 07:03:57','2020-12-18 10:13:24'),(148,57,62,'1978-01-22 02:13:04','2018-06-18 10:57:58'),(149,39,71,'1986-08-12 09:53:54','1988-09-11 13:02:35'),(150,62,43,'2011-02-25 06:11:06','2020-12-18 10:13:24'),(151,82,42,'2019-03-05 02:08:30','2020-12-18 10:13:24'),(152,39,69,'1997-01-09 08:13:26','2002-12-25 03:41:46'),(153,52,115,'1977-01-15 21:27:31','2020-12-18 10:13:24'),(154,14,104,'2002-09-27 12:48:44','2020-12-18 10:13:24'),(155,25,84,'2002-10-30 12:38:31','2016-11-09 03:25:30'),(156,9,95,'2003-01-24 08:26:31','2020-12-18 10:13:24'),(157,15,94,'2017-05-27 11:46:36','2020-12-18 10:13:24'),(158,3,73,'2016-11-19 06:13:57','2020-12-18 10:13:24'),(159,60,118,'2016-10-01 14:06:18','2020-12-18 10:13:24'),(160,61,123,'1994-12-30 07:29:18','2020-12-18 10:13:24'),(161,87,86,'2011-07-08 09:06:02','2012-07-26 20:34:37'),(162,39,52,'2002-06-20 08:27:31','2015-06-08 08:36:57'),(163,80,125,'2003-03-02 10:31:34','2007-09-12 05:35:07'),(164,88,23,'2011-08-30 06:09:13','2020-12-18 10:13:24'),(165,50,64,'2009-07-26 06:21:26','2020-12-18 10:13:24'),(166,50,41,'1981-07-02 18:03:26','1995-03-19 21:48:25'),(167,81,115,'1991-03-08 08:59:58','2020-12-18 10:13:24'),(168,84,43,'2016-07-12 14:00:40','2020-12-18 10:13:24'),(169,77,128,'1978-02-21 21:49:24','2001-08-13 22:03:58'),(170,13,2,'1997-07-19 03:45:10','2002-08-31 13:39:31'),(171,63,29,'2003-07-30 15:11:34','2020-12-18 10:13:24'),(172,74,100,'2007-07-14 23:54:23','2020-12-18 10:13:24'),(173,94,99,'2006-03-13 19:37:57','2020-12-18 10:13:24'),(174,33,70,'1998-07-15 18:19:23','2020-12-18 10:13:24'),(175,67,121,'1983-05-15 13:38:37','2020-02-23 14:58:02'),(176,48,69,'1984-08-11 03:00:12','2020-12-18 10:13:24'),(177,59,112,'1982-06-10 17:40:40','2020-12-18 10:13:24'),(178,93,49,'1995-09-21 02:33:30','2020-12-18 10:13:24'),(179,82,104,'2020-09-06 02:35:18','2020-12-18 10:13:24'),(180,56,41,'1983-04-05 19:16:07','2007-05-31 17:39:54'),(181,29,7,'2003-05-03 12:47:31','2004-08-28 23:19:50'),(182,63,13,'1990-09-05 14:51:34','2020-12-18 10:13:24'),(183,93,61,'2005-06-13 00:04:59','2015-10-02 14:26:45'),(184,43,90,'1975-01-21 00:52:44','2014-02-06 04:32:18'),(185,45,72,'2015-03-05 10:14:24','2020-12-18 10:13:24'),(186,71,9,'1989-08-12 16:59:58','2020-12-18 10:13:24'),(187,77,58,'1999-01-26 12:08:36','1999-10-02 17:10:41'),(188,83,91,'1989-05-30 23:30:25','2012-11-17 00:00:35'),(189,20,20,'1994-12-04 03:43:30','2020-12-18 10:13:24'),(190,24,112,'2009-06-02 04:11:55','2020-12-18 10:13:24'),(191,8,92,'1991-04-19 16:00:17','2020-12-18 10:13:24'),(192,39,87,'1972-03-08 11:28:41','1992-02-14 11:04:02'),(193,57,41,'1976-09-09 23:02:35','2011-07-08 00:37:11'),(194,4,49,'1998-07-16 21:03:38','2020-12-18 10:13:24'),(195,11,77,'2009-09-21 07:50:57','2020-12-18 10:13:24'),(196,69,51,'1991-01-06 21:02:19','2020-12-18 10:13:24'),(197,64,41,'1977-07-03 23:39:51','1980-10-29 03:10:23'),(198,49,74,'1998-07-20 05:13:52','2000-09-14 16:33:20'),(199,78,118,'1994-11-19 08:31:42','2019-07-01 11:18:51'),(200,26,29,'1979-09-26 03:05:47','2012-07-12 23:38:36'),(201,46,125,'1994-04-27 18:46:32','2018-05-03 13:07:31'),(202,29,29,'1978-02-11 03:18:34','1978-05-14 16:33:56'),(203,40,15,'2007-09-29 22:43:36','2020-12-18 10:13:24'),(204,93,78,'1971-08-02 00:20:47','2006-02-28 17:58:37'),(205,27,20,'1985-04-27 06:40:21','2005-07-09 18:42:14'),(206,46,45,'1972-10-22 05:09:29','1973-07-16 04:54:57'),(207,86,110,'2009-10-16 01:04:07','2020-12-18 10:13:24'),(208,1,55,'2020-02-01 00:02:04','2020-12-18 10:13:24'),(209,16,7,'2002-01-24 16:55:46','2006-11-28 04:36:54'),(210,80,34,'1976-09-11 08:55:35','2000-08-08 14:47:25'),(211,64,63,'1995-08-10 15:00:06','2009-12-05 22:46:46'),(212,65,36,'2012-09-04 04:57:07','2020-12-18 10:13:24'),(213,80,16,'1980-09-24 18:49:55','1998-02-15 04:54:23'),(214,85,75,'1982-02-20 06:44:39','1999-07-03 21:45:53'),(215,3,14,'1994-05-24 07:11:08','2002-07-13 17:04:17'),(216,80,63,'2012-04-14 13:13:50','2020-12-18 10:13:24'),(217,7,12,'1981-11-11 22:40:09','2014-11-14 09:37:04'),(218,71,60,'1987-08-26 01:56:26','1991-01-20 02:05:01'),(219,21,81,'1970-08-22 05:00:02','1980-07-25 02:38:05'),(220,6,61,'1986-10-18 01:02:36','2020-12-18 10:13:24'),(221,78,68,'2020-06-28 08:52:45','2020-12-18 10:13:24'),(222,82,83,'2007-01-24 16:43:20','2020-12-18 10:13:24'),(223,37,107,'1970-10-30 22:05:05','1982-10-06 15:55:33'),(224,6,68,'1995-06-18 09:58:24','2018-04-21 22:40:09'),(225,87,111,'1998-02-22 11:59:36','2020-12-18 10:13:24'),(226,78,65,'1972-11-20 21:50:26','2011-07-02 12:33:23'),(227,34,54,'1992-08-27 03:25:36','2017-11-11 22:04:19'),(228,78,18,'2001-02-21 00:41:37','2020-12-18 10:13:24'),(229,54,80,'2018-04-04 01:13:15','2020-12-18 10:13:24'),(230,71,74,'1973-03-30 23:57:48','1977-07-14 03:16:59'),(231,72,66,'2006-12-18 06:02:13','2020-12-18 10:13:24'),(232,5,101,'2004-04-26 00:56:09','2013-11-06 11:21:00'),(233,60,97,'2001-12-02 10:24:54','2009-08-26 20:39:13'),(234,24,103,'1990-09-14 03:59:10','2007-05-08 22:39:11'),(235,37,38,'1979-01-02 16:14:55','2020-12-18 10:13:24'),(236,26,18,'1993-06-02 14:49:02','2020-03-10 12:40:23'),(237,81,9,'2019-07-04 03:50:00','2020-12-18 10:13:24'),(238,77,23,'1996-01-31 15:18:41','2018-12-14 16:35:28'),(239,89,107,'1975-02-17 23:34:35','1982-07-19 10:55:27'),(240,69,98,'2015-03-21 02:41:46','2020-12-18 10:13:24'),(241,67,60,'1999-05-30 02:14:43','2000-08-03 08:37:06'),(242,26,1,'2011-07-26 19:59:46','2020-12-18 10:13:24'),(243,88,4,'2015-05-17 15:26:01','2020-12-18 10:13:24'),(244,14,54,'2014-01-22 04:23:43','2020-12-18 10:13:24'),(245,64,110,'2017-11-30 23:51:38','2020-12-18 10:13:24'),(246,98,47,'1979-10-23 23:49:41','1985-12-12 00:08:02'),(247,35,2,'1994-03-10 08:28:21','2020-12-18 10:13:24'),(248,14,122,'1994-06-04 05:30:22','2020-12-18 10:13:24'),(249,76,48,'1975-04-06 13:32:56','1995-04-15 18:49:40'),(250,73,16,'1984-01-10 12:37:01','1996-12-04 03:17:41'),(251,66,129,'1977-03-26 06:11:05','2002-02-24 07:30:57'),(252,26,61,'1986-02-19 08:33:16','2020-12-18 10:13:24'),(253,6,4,'1980-08-31 07:47:18','1988-02-03 00:02:48'),(254,64,123,'2016-10-30 04:31:34','2020-12-18 10:13:24'),(255,85,43,'1998-07-13 03:45:12','2020-05-02 23:16:00'),(256,70,67,'2012-10-14 00:46:59','2020-12-18 10:13:24'),(257,79,123,'1980-03-05 13:23:33','2013-09-19 03:30:46'),(258,52,86,'2000-11-06 21:43:29','2020-12-18 10:13:24'),(259,97,85,'2016-02-05 20:13:45','2020-12-18 10:13:24'),(260,7,79,'1985-12-14 06:56:18','1987-03-12 05:56:34'),(261,49,5,'2007-01-20 13:48:31','2008-11-18 08:43:26'),(262,96,109,'1972-04-19 03:54:06','2014-10-23 05:16:58'),(263,6,12,'2020-11-17 00:42:07','2020-12-18 10:13:24'),(264,78,106,'1979-09-02 14:31:18','1988-09-18 02:16:35'),(265,46,65,'1977-06-15 15:36:02','1998-03-07 10:32:51'),(266,94,15,'2005-02-26 19:29:32','2020-12-18 10:13:24'),(267,49,25,'1994-03-06 23:29:42','2020-12-18 10:13:24'),(268,58,71,'1984-08-11 16:43:07','2005-03-31 01:50:06'),(269,22,28,'1983-02-13 22:56:47','2011-09-08 15:54:38'),(270,49,8,'2004-04-26 09:21:02','2010-07-18 10:54:21'),(271,54,23,'2005-03-10 10:51:06','2020-12-18 10:13:24'),(272,57,42,'1982-12-14 00:38:58','2020-12-18 10:13:24'),(273,12,11,'2020-01-31 17:37:11','2020-12-18 10:13:24'),(274,98,11,'2011-10-01 09:58:08','2020-12-18 10:13:24'),(275,73,6,'1974-02-15 01:18:26','1975-07-24 22:46:21'),(276,69,28,'2000-11-05 22:43:09','2020-12-18 10:13:24'),(277,9,85,'1972-12-16 15:28:45','1985-02-20 19:05:18'),(278,5,18,'1996-09-08 23:29:07','2020-12-18 10:13:24'),(279,74,107,'1992-08-05 08:14:01','2014-12-16 13:08:41'),(280,95,26,'1997-02-22 21:38:06','2020-12-18 10:13:24'),(281,33,114,'1971-04-16 22:06:18','1978-09-13 13:27:42'),(282,31,105,'1984-06-27 02:25:35','1984-07-17 09:38:53'),(283,6,115,'1973-04-27 05:22:17','1984-07-26 21:49:57'),(284,35,36,'1984-11-04 13:51:30','2020-12-18 10:13:24'),(285,10,108,'1970-05-11 22:58:10','1973-10-18 12:56:09'),(286,33,83,'2003-08-09 15:50:21','2006-04-13 21:57:11'),(287,1,116,'2005-01-07 00:47:40','2020-12-18 10:13:24'),(288,96,16,'1971-07-11 05:45:00','1994-10-14 22:23:31'),(289,98,121,'2012-09-18 10:46:05','2020-12-18 10:13:24'),(290,21,91,'1997-09-09 04:25:34','2011-12-04 08:16:35'),(291,98,116,'1970-08-28 03:30:03','2015-01-29 08:25:59'),(292,92,7,'2009-05-12 07:19:27','2020-12-18 10:13:24'),(293,54,126,'2011-05-22 03:50:31','2019-12-20 12:13:12'),(294,19,37,'2010-05-10 02:19:41','2010-07-15 13:17:41'),(295,79,17,'1990-10-01 00:05:20','2020-12-18 10:13:24'),(296,48,14,'1970-06-23 12:12:08','1985-01-28 20:15:42'),(297,100,101,'2000-03-02 20:13:33','2009-01-01 00:48:06'),(298,91,8,'1997-03-03 15:49:13','2001-01-02 05:26:42'),(299,66,34,'2005-11-23 04:10:41','2011-10-19 18:08:06'),(300,33,98,'2001-09-18 13:59:22','2016-07-10 13:12:03'),(301,9,85,'1972-12-01 20:47:48','1990-07-21 02:56:49'),(302,39,12,'1989-06-24 00:31:40','2003-07-23 10:34:31'),(303,55,45,'1981-07-30 08:18:33','1994-12-22 15:17:25'),(304,21,67,'2017-11-20 16:22:28','2020-12-18 10:13:24'),(305,27,54,'2018-12-04 02:53:56','2020-12-18 10:13:24'),(306,22,32,'1976-03-31 02:31:30','2020-12-18 10:13:24'),(307,31,17,'2003-02-10 17:12:09','2003-07-31 10:42:35'),(308,30,110,'1974-08-03 02:26:00','1998-12-27 18:31:33'),(309,9,62,'2001-08-08 04:27:58','2020-12-18 10:13:24'),(310,12,113,'2001-03-25 23:17:06','2017-03-31 22:03:25'),(311,61,77,'1983-08-28 04:35:55','2012-11-29 20:14:21'),(312,98,78,'1988-12-21 21:09:49','2008-01-08 21:45:30'),(313,37,115,'1972-03-30 00:12:41','2001-06-12 08:58:15'),(314,66,4,'1992-01-24 10:18:49','1998-05-30 20:16:09'),(315,14,128,'1998-12-14 09:46:39','2012-02-03 08:15:19'),(316,78,29,'1996-12-16 21:45:31','2020-12-18 10:13:24'),(317,64,22,'1980-05-31 23:23:28','2012-01-06 09:06:03'),(318,32,24,'1978-09-05 18:51:36','2020-12-18 10:13:24'),(319,51,68,'1975-02-10 03:32:22','1980-10-10 00:04:20'),(320,70,100,'1978-09-05 06:51:14','1997-09-13 04:40:09'),(321,94,118,'1985-10-31 02:49:58','2006-01-12 12:56:44'),(322,1,31,'1992-01-16 21:56:00','2020-12-18 10:13:24'),(323,3,39,'2003-02-21 12:04:26','2020-12-18 10:13:24'),(324,9,15,'2010-01-27 19:00:20','2014-11-12 00:55:36'),(325,78,27,'1978-03-09 02:28:23','2010-02-08 09:08:41'),(326,99,49,'1970-09-17 05:23:53','1989-06-27 02:16:44'),(327,80,124,'1985-06-23 23:47:39','2000-08-07 04:54:16'),(328,98,21,'1976-10-09 21:51:21','1999-04-03 13:30:43'),(329,84,82,'2006-05-31 05:38:49','2020-12-18 10:13:24'),(330,18,126,'2002-02-23 05:00:54','2020-12-18 10:13:24'),(331,62,125,'1970-12-14 10:14:35','2016-11-24 22:29:55'),(332,19,33,'2004-10-04 23:59:41','2020-12-18 10:13:24'),(333,12,66,'1985-08-02 21:53:23','2016-04-23 10:54:37'),(334,44,81,'2017-09-29 08:57:57','2020-12-18 10:13:24'),(335,3,17,'1989-07-25 03:13:11','2020-12-18 10:13:24'),(336,39,125,'1989-08-14 22:17:14','1990-02-20 20:40:38'),(337,3,52,'1982-10-30 14:22:23','1985-09-09 00:14:57'),(338,20,8,'2019-08-08 02:09:17','2020-12-18 10:13:24'),(339,70,36,'2016-07-21 16:25:18','2020-12-18 10:13:24'),(340,17,62,'2019-04-12 11:14:31','2020-12-18 10:13:24'),(341,48,20,'1996-03-10 11:19:03','2017-10-31 05:17:23'),(342,85,35,'1978-08-29 14:41:20','1994-11-29 14:01:00'),(343,10,107,'1997-05-29 02:35:48','2020-12-18 10:13:24'),(344,43,121,'2019-01-02 11:51:28','2020-12-18 10:13:24'),(345,45,78,'2013-06-01 06:07:24','2020-12-18 10:13:24'),(346,90,9,'1975-07-11 02:22:35','1998-07-01 23:03:10'),(347,56,12,'1994-05-18 02:27:33','2020-12-18 10:13:24'),(348,32,88,'2010-09-05 21:13:37','2020-12-18 10:13:24'),(349,59,98,'1983-02-06 19:36:47','2006-02-20 00:01:00'),(350,30,79,'2006-11-27 11:34:34','2018-01-04 14:06:04'),(351,88,89,'2003-12-22 08:16:05','2020-03-14 23:15:51'),(352,57,118,'1990-03-16 01:17:55','2020-12-18 10:13:24'),(353,8,99,'2014-10-31 14:54:41','2020-12-18 10:13:24'),(354,96,101,'2018-01-20 15:08:20','2020-12-18 10:13:24'),(355,4,17,'2020-11-04 19:28:33','2020-12-18 10:13:24'),(356,25,66,'1992-08-04 03:04:41','1997-05-28 09:39:00'),(357,28,12,'1984-06-11 18:01:17','1986-02-22 22:05:13'),(358,77,49,'2008-02-26 16:16:23','2020-12-18 10:13:24'),(359,91,25,'1977-05-31 07:13:24','2020-12-18 10:13:24'),(360,31,46,'2012-08-04 18:48:23','2015-11-18 14:11:33'),(361,79,27,'2017-01-03 15:27:44','2020-12-18 10:13:24'),(362,42,45,'1995-04-12 23:43:46','2011-10-10 00:36:01'),(363,29,95,'2017-04-22 05:07:24','2020-12-18 10:13:24'),(364,2,114,'1991-01-14 18:08:27','2020-12-18 10:13:24'),(365,48,41,'2000-04-13 08:22:59','2020-12-18 10:13:24'),(366,49,46,'1990-06-01 13:33:27','2007-08-09 21:04:45'),(367,100,6,'2020-03-30 08:15:58','2020-12-18 10:13:24'),(368,25,9,'1971-11-22 20:01:06','2020-12-18 10:13:24'),(369,81,27,'2020-04-11 03:32:46','2020-12-18 10:13:24'),(370,84,109,'1998-03-30 11:34:08','2020-12-18 10:13:24'),(371,34,11,'1982-11-24 04:07:00','2020-01-27 10:38:52'),(372,34,80,'2020-10-19 03:17:43','2020-12-18 10:13:24'),(373,17,14,'1982-05-10 00:26:27','2011-06-01 13:10:15'),(374,99,9,'1984-07-03 16:26:34','2003-11-17 23:53:30'),(375,30,39,'1970-02-11 02:31:59','1981-12-22 02:09:52'),(376,42,12,'2003-06-11 01:31:48','2020-12-18 10:13:24'),(377,50,109,'1974-04-29 21:45:15','2020-10-16 09:32:59'),(378,44,102,'2004-01-21 16:34:10','2020-12-18 10:13:24'),(379,57,59,'1974-02-28 08:52:39','2002-12-31 11:14:41'),(380,66,5,'2010-11-18 15:08:38','2017-01-24 03:55:05'),(381,77,18,'1999-10-07 06:54:18','2020-12-18 10:13:24'),(382,39,98,'2006-06-03 20:34:22','2020-12-18 10:13:24'),(383,19,83,'2001-01-20 15:53:23','2020-12-18 10:13:24'),(384,82,128,'1998-10-08 09:11:41','2020-12-18 10:13:24'),(385,84,86,'2017-08-22 21:24:22','2020-12-18 10:13:24'),(386,82,23,'2006-09-07 02:31:22','2020-12-18 10:13:24'),(387,74,20,'2018-08-15 15:06:54','2020-12-18 10:13:24'),(388,79,117,'1973-09-15 17:03:19','1991-02-08 05:36:27'),(389,26,101,'1999-03-31 22:51:23','2020-12-18 10:13:24'),(390,97,73,'1983-09-07 06:32:42','1993-10-09 02:38:46'),(391,7,51,'1993-10-09 02:50:50','2011-10-29 05:53:20'),(392,65,73,'1994-01-22 18:14:59','2020-12-18 10:13:24'),(393,22,10,'2012-11-28 01:46:49','2020-12-18 10:13:24'),(394,35,102,'1986-06-02 17:55:35','2007-05-12 18:08:45'),(395,53,130,'1995-01-11 18:22:07','2007-01-13 13:25:03'),(396,82,37,'1982-12-24 07:35:17','2016-10-07 19:06:21'),(397,14,26,'2013-09-07 11:42:52','2020-12-18 10:13:24'),(398,4,42,'1988-04-22 06:36:47','2020-12-18 10:13:24'),(399,83,111,'2006-12-06 09:25:54','2020-12-18 10:13:24'),(400,30,87,'2005-09-29 18:23:47','2006-03-27 08:53:15');
/*!40000 ALTER TABLE `follow_autors` ENABLE KEYS */;
UNLOCK TABLES;

--
-- Table structure for table `follow_users`
--

DROP TABLE IF EXISTS `follow_users`;
/*!40101 SET @saved_cs_client     = @@character_set_client */;
/*!50503 SET character_set_client = utf8mb4 */;
CREATE TABLE `follow_users` (
  `id` bigint unsigned NOT NULL AUTO_INCREMENT,
  `user_id` bigint unsigned NOT NULL,
  `follower_id` bigint unsigned NOT NULL,
  `created_at` timestamp NOT NULL DEFAULT CURRENT_TIMESTAMP,
  `updated_at` timestamp NOT NULL DEFAULT CURRENT_TIMESTAMP ON UPDATE CURRENT_TIMESTAMP,
  PRIMARY KEY (`id`),
  KEY `user_id` (`user_id`),
  KEY `follower_id` (`follower_id`),
  CONSTRAINT `follow_users_ibfk_1` FOREIGN KEY (`user_id`) REFERENCES `users` (`id`) ON UPDATE CASCADE,
  CONSTRAINT `follow_users_ibfk_2` FOREIGN KEY (`follower_id`) REFERENCES `users` (`id`) ON UPDATE CASCADE
) ENGINE=InnoDB AUTO_INCREMENT=301 DEFAULT CHARSET=utf8 COLLATE=utf8_unicode_ci;
/*!40101 SET character_set_client = @saved_cs_client */;

--
-- Dumping data for table `follow_users`
--

LOCK TABLES `follow_users` WRITE;
/*!40000 ALTER TABLE `follow_users` DISABLE KEYS */;
INSERT INTO `follow_users` VALUES (1,39,81,'2006-08-13 07:21:18','2012-08-22 23:50:14'),(2,81,25,'1989-07-11 23:14:33','2002-04-14 14:56:55'),(3,60,78,'2003-05-31 11:35:54','2020-12-18 10:13:14'),(4,97,13,'2020-11-02 23:57:08','2020-12-18 10:13:14'),(5,45,34,'1976-04-17 06:18:41','2016-10-06 15:10:59'),(6,8,16,'2001-09-15 03:47:16','2012-11-21 21:06:38'),(7,32,69,'1972-11-21 03:55:58','2020-12-18 10:13:14'),(8,52,78,'1970-04-14 19:14:51','2016-06-20 19:20:12'),(9,91,96,'2013-12-09 03:35:20','2020-12-18 10:13:14'),(10,59,28,'1984-04-04 16:19:48','2020-12-18 10:13:14'),(11,51,72,'1997-10-07 15:49:53','2020-12-18 10:13:14'),(12,19,84,'2020-03-05 17:06:49','2020-12-18 10:13:14'),(13,17,55,'1980-04-30 20:15:41','1993-01-13 08:43:20'),(14,72,81,'1983-10-06 02:36:45','2020-12-18 10:13:14'),(15,70,92,'2017-12-15 07:59:55','2020-12-18 10:13:14'),(16,12,8,'1990-12-14 18:20:41','2020-12-18 10:13:14'),(17,72,92,'2012-10-08 02:34:21','2020-08-05 01:02:56'),(18,33,32,'2011-03-20 13:29:21','2020-12-18 10:11:22'),(19,69,29,'2012-09-13 22:20:25','2020-12-18 10:13:14'),(20,44,14,'1978-12-26 21:26:00','1984-12-04 16:08:03'),(21,63,52,'1989-12-07 11:38:15','2020-05-25 15:42:19'),(22,29,94,'2007-07-08 05:10:30','2020-12-18 10:13:14'),(23,20,81,'1981-03-10 22:15:49','2005-09-20 01:11:03'),(24,72,10,'2019-10-29 23:01:47','2020-12-18 10:13:14'),(25,76,30,'1971-12-03 15:34:44','1991-09-23 12:01:06'),(26,38,26,'1998-11-26 11:07:47','2020-12-18 10:13:14'),(27,2,57,'2005-07-07 16:04:41','2020-12-18 10:13:14'),(28,10,18,'1979-04-20 10:03:32','1991-06-18 10:14:09'),(29,11,82,'1998-01-27 19:35:31','2020-12-18 10:13:14'),(30,98,81,'1997-01-14 17:01:14','2011-05-04 22:28:08'),(31,73,10,'2009-12-11 23:49:44','2019-08-02 02:49:38'),(32,88,45,'1981-04-13 18:01:17','2015-01-16 04:07:09'),(33,1,20,'2004-03-15 14:24:41','2011-08-16 10:50:52'),(34,76,70,'2006-02-24 05:58:46','2020-12-18 10:13:14'),(35,48,20,'1979-08-28 17:06:52','2012-09-06 09:46:44'),(36,83,10,'1987-07-23 14:50:02','2016-10-30 09:19:43'),(37,71,12,'1970-06-08 10:40:13','1990-09-02 15:30:21'),(38,4,90,'1996-05-13 06:54:01','2018-09-20 14:17:33'),(39,92,76,'1999-09-13 10:19:32','2020-12-18 10:13:14'),(40,100,68,'2017-08-02 23:11:07','2020-12-18 10:13:14'),(41,6,38,'1996-10-22 11:45:54','2020-12-18 10:13:14'),(42,94,7,'1972-12-20 14:56:02','2015-08-13 00:02:47'),(43,94,4,'2005-05-27 21:39:24','2017-10-09 13:02:04'),(44,24,5,'2008-09-25 02:25:31','2020-12-18 10:13:14'),(45,85,22,'2019-10-16 11:43:13','2020-12-18 10:13:14'),(46,85,57,'1989-11-11 04:48:42','1993-06-20 15:42:33'),(47,31,73,'2020-02-22 16:05:42','2020-12-18 10:13:14'),(48,2,32,'1970-07-06 12:19:15','1973-12-21 11:04:07'),(49,92,77,'2008-02-05 10:12:32','2020-12-18 10:13:14'),(50,1,39,'2002-11-08 11:39:29','2020-12-18 10:13:14'),(51,96,84,'1980-01-28 19:28:56','2018-08-03 21:00:10'),(52,49,67,'1996-09-09 11:24:28','2016-01-17 22:10:22'),(53,96,53,'1980-07-02 07:10:29','1984-01-18 18:56:56'),(54,57,87,'1979-05-06 22:54:48','1985-08-04 14:06:36'),(55,28,56,'2006-09-07 15:41:13','2020-12-18 10:13:14'),(56,55,33,'2004-08-16 02:08:31','2020-12-18 10:13:14'),(57,94,48,'1978-05-23 15:05:34','2014-06-15 10:42:35'),(58,39,87,'1980-08-18 23:36:14','2005-07-05 09:11:29'),(59,51,62,'1993-12-17 11:50:29','2020-12-18 10:13:14'),(60,91,35,'1992-04-02 04:58:46','2020-12-18 10:13:14'),(61,84,76,'1980-12-20 22:05:41','1997-04-10 09:32:05'),(62,92,14,'1991-12-30 20:56:52','2020-08-30 14:00:04'),(63,48,93,'1979-09-25 23:54:27','1980-08-23 14:15:27'),(64,46,39,'1988-11-24 20:06:50','1989-01-12 23:04:15'),(65,70,46,'1989-11-27 17:37:26','2004-03-13 20:06:36'),(66,78,66,'2009-10-18 04:25:31','2020-12-18 10:13:14'),(67,30,26,'2000-06-15 06:54:29','2020-12-18 10:13:14'),(68,32,26,'2007-03-20 05:41:54','2020-12-18 10:13:14'),(69,79,88,'2008-06-25 01:20:38','2020-12-18 10:13:14'),(70,12,6,'2011-09-19 04:08:50','2020-12-18 10:13:14'),(71,44,67,'2019-03-25 06:21:14','2020-12-18 10:13:14'),(72,39,38,'1971-02-13 22:12:19','2020-12-18 10:11:22'),(73,14,76,'2003-12-10 05:10:41','2004-04-19 15:54:50'),(74,24,65,'1987-08-14 21:40:15','2020-12-18 10:13:14'),(75,38,15,'2010-07-23 00:47:03','2020-12-18 10:13:14'),(76,100,21,'2012-05-09 19:38:21','2020-12-18 10:13:14'),(77,90,91,'2000-09-19 15:31:55','2020-12-18 10:13:14'),(78,35,38,'1974-09-27 07:22:11','1999-05-11 10:36:34'),(79,84,80,'2003-11-16 07:59:03','2020-12-18 10:13:14'),(80,76,54,'1996-10-05 15:03:00','2002-08-18 03:16:47'),(81,26,54,'2011-12-29 12:38:03','2020-12-18 10:13:14'),(82,19,56,'2004-03-03 09:33:19','2020-12-18 10:13:14'),(83,80,51,'2017-10-19 12:43:40','2020-12-18 10:13:14'),(84,81,58,'1994-01-05 12:23:45','2007-08-03 14:36:54'),(85,39,93,'1989-12-07 06:08:47','2000-12-25 15:40:05'),(86,63,83,'2017-06-28 03:00:33','2020-12-18 10:13:14'),(87,59,100,'1975-05-21 15:06:57','1999-03-01 00:19:34'),(88,20,73,'1999-04-17 06:50:10','2020-12-18 10:13:14'),(89,76,43,'1984-10-14 10:07:40','2019-01-11 05:17:18'),(90,38,13,'1994-06-23 06:25:17','2010-05-19 23:55:14'),(91,57,37,'1979-05-18 14:15:04','1988-05-18 21:24:17'),(92,34,47,'2008-08-12 20:09:40','2020-12-18 10:13:14'),(93,28,69,'2003-06-24 05:25:57','2003-07-10 06:19:28'),(94,84,12,'1978-07-05 01:40:56','2008-06-11 17:15:15'),(95,48,60,'1996-07-02 17:31:53','2020-12-18 10:13:14'),(96,65,74,'1995-02-04 08:24:38','2020-12-18 10:13:14'),(97,13,83,'2006-02-25 04:20:01','2020-12-18 10:13:14'),(98,29,92,'1993-01-30 00:12:39','2020-12-18 10:13:14'),(99,33,10,'1973-03-03 11:38:09','2010-05-11 18:43:18'),(100,50,72,'1973-01-22 15:50:02','1982-07-31 14:06:11'),(101,2,12,'1973-05-28 21:51:25','1999-11-15 16:25:57'),(102,54,61,'2002-02-04 04:34:15','2020-12-18 10:13:14'),(103,12,73,'1998-11-28 06:52:47','2020-12-18 10:13:14'),(104,34,87,'1997-06-29 14:10:30','2020-12-18 10:13:14'),(105,15,71,'1990-11-02 19:27:57','2020-12-18 10:13:14'),(106,100,72,'1999-09-28 04:47:18','2020-12-18 10:13:14'),(107,8,34,'2017-03-16 01:15:50','2020-12-18 10:13:14'),(108,18,35,'2007-12-31 23:19:33','2010-01-27 15:27:45'),(109,3,2,'1993-04-11 08:07:19','2020-12-18 10:11:22'),(110,46,50,'1983-06-04 19:36:13','2020-12-18 10:13:14'),(111,61,11,'2009-03-18 14:00:26','2020-12-18 10:13:14'),(112,24,74,'1991-02-28 03:35:53','2012-04-06 21:41:43'),(113,94,53,'2011-04-18 17:53:27','2020-12-18 10:13:14'),(114,66,27,'1985-12-17 03:32:34','1995-03-24 07:52:00'),(115,62,15,'2017-06-09 09:24:46','2020-12-18 10:13:14'),(116,98,64,'2019-12-22 04:04:27','2020-12-18 10:13:14'),(117,26,51,'1980-06-19 09:06:23','2002-02-16 15:12:52'),(118,25,38,'1971-07-10 17:45:01','1976-09-09 06:03:48'),(119,23,58,'1972-02-24 04:01:44','1998-06-16 11:24:38'),(120,25,37,'1991-02-07 05:29:24','2008-10-13 03:24:41'),(121,29,24,'1981-11-26 23:11:46','1997-11-27 01:16:53'),(122,9,36,'2006-06-01 22:05:16','2020-12-18 10:13:14'),(123,58,27,'2000-07-19 12:22:23','2002-07-01 06:27:01'),(124,70,60,'1996-11-23 21:19:38','2014-08-02 20:12:03'),(125,28,16,'1983-06-05 03:25:24','2002-05-31 22:58:28'),(126,10,89,'1979-05-21 19:49:17','1986-05-28 03:42:01'),(127,27,33,'2003-01-17 05:02:04','2020-12-18 10:13:14'),(128,62,20,'1984-02-21 14:33:17','2009-09-02 19:00:06'),(129,85,27,'2018-12-20 19:57:29','2020-12-18 10:13:14'),(130,47,46,'2020-08-16 23:25:37','2020-12-18 10:11:22'),(131,41,44,'1991-10-23 22:08:20','2019-12-20 01:38:16'),(132,10,67,'1997-09-04 04:20:04','2019-08-29 21:13:34'),(133,94,34,'1970-04-20 22:42:05','1983-11-23 03:26:20'),(134,4,16,'1977-12-04 23:44:52','2020-12-18 10:13:14'),(135,91,28,'2002-05-06 17:06:52','2020-12-18 10:13:14'),(136,53,20,'1988-03-19 15:13:50','2015-01-03 20:35:37'),(137,52,61,'2012-08-28 10:31:21','2020-12-18 10:13:14'),(138,55,10,'1983-11-06 13:34:37','1990-07-04 12:28:16'),(139,88,25,'2011-09-09 00:47:37','2019-06-21 17:57:46'),(140,69,15,'1975-11-19 02:56:08','1984-01-09 22:26:44'),(141,41,78,'2001-03-21 15:15:44','2020-12-18 10:13:14'),(142,3,67,'1970-04-28 02:09:36','2015-04-18 22:48:31'),(143,10,65,'2020-03-01 01:08:25','2020-12-18 10:13:14'),(144,87,94,'2013-02-11 15:58:42','2020-12-18 10:13:14'),(145,91,33,'1983-09-19 02:17:46','1995-11-13 23:58:55'),(146,40,32,'1991-06-24 08:51:28','2020-12-18 10:13:14'),(147,76,49,'2010-01-04 09:58:13','2020-12-18 10:13:14'),(148,99,69,'2015-10-14 19:44:29','2017-07-05 13:57:48'),(149,83,2,'2009-03-01 00:49:41','2016-02-13 17:50:37'),(150,85,74,'1976-03-25 12:55:13','1976-07-01 21:20:48'),(151,30,38,'2014-10-22 06:31:42','2020-12-18 10:13:14'),(152,93,82,'2016-02-12 10:55:05','2020-12-18 10:13:14'),(153,99,47,'2008-09-29 14:54:49','2020-07-22 03:35:38'),(154,91,86,'1993-06-20 23:06:40','1997-07-27 02:26:05'),(155,71,59,'1997-12-27 02:52:54','2002-06-20 17:19:51'),(156,1,12,'2005-04-01 22:05:08','2015-09-22 03:30:03'),(157,37,3,'1970-05-21 19:47:23','1986-07-13 02:19:43'),(158,78,46,'1977-06-07 12:39:25','1984-05-29 19:09:10'),(159,68,65,'1994-04-30 11:08:28','2020-12-18 10:13:14'),(160,40,58,'1977-10-11 08:03:41','1991-02-11 22:17:58'),(161,97,80,'1973-09-01 08:06:44','2018-10-25 19:35:47'),(162,90,72,'1999-01-19 17:38:46','2020-12-18 10:13:14'),(163,29,88,'2005-05-15 23:16:06','2020-12-18 10:13:14'),(164,41,11,'1990-02-13 20:11:45','2015-07-11 06:11:46'),(165,90,26,'1972-02-15 03:44:55','2020-10-03 13:19:07'),(166,84,20,'2013-08-27 05:05:05','2020-12-18 10:13:14'),(167,63,77,'2016-09-25 20:05:42','2020-12-18 10:13:14'),(168,1,61,'1976-10-29 13:35:19','2011-09-26 02:49:17'),(169,23,92,'2005-11-04 04:11:34','2020-12-18 10:13:14'),(170,47,94,'2008-07-03 11:34:37','2020-12-18 10:13:14'),(171,51,47,'2011-08-19 03:43:22','2020-12-18 10:13:14'),(172,6,87,'1975-10-29 12:55:44','1991-03-20 09:23:55'),(173,50,83,'1981-05-22 08:45:26','2020-12-18 10:13:14'),(174,33,17,'1994-12-30 01:39:02','2020-12-18 10:13:14'),(175,48,72,'1981-04-19 22:02:59','2007-10-15 11:51:19'),(176,75,44,'2018-07-29 13:19:38','2020-12-18 10:13:14'),(177,52,64,'2014-07-08 04:38:33','2020-12-18 10:13:14'),(178,16,80,'1989-11-21 02:07:10','2004-04-25 10:48:11'),(179,52,57,'2002-09-18 23:49:35','2020-12-18 10:13:14'),(180,91,42,'1990-03-14 17:06:21','2020-12-18 10:13:14'),(181,82,74,'2014-10-25 19:39:19','2020-12-18 10:13:14'),(182,61,45,'1975-10-01 22:34:19','2000-06-30 10:47:22'),(183,51,62,'1993-03-23 00:42:01','1998-11-16 20:07:19'),(184,6,73,'1997-08-22 05:25:52','2020-12-18 10:13:14'),(185,54,53,'1990-03-19 22:30:52','2020-12-18 10:13:14'),(186,67,4,'2000-12-16 17:59:05','2020-12-18 10:13:14'),(187,99,72,'1998-03-12 21:49:02','2020-12-18 10:13:14'),(188,90,48,'1998-09-22 12:44:07','2019-09-04 06:26:33'),(189,55,22,'2004-01-01 00:04:43','2020-12-18 10:13:14'),(190,65,2,'1995-02-07 12:48:24','2020-12-18 10:13:14'),(191,94,39,'1974-11-23 16:08:12','1997-03-07 18:54:08'),(192,46,45,'2004-07-29 15:39:00','2020-12-18 10:13:14'),(193,3,62,'2004-03-03 18:33:50','2014-07-12 18:11:56'),(194,25,54,'1983-12-28 20:10:08','2014-04-26 08:58:07'),(195,18,15,'2004-08-03 04:11:46','2005-06-08 22:17:43'),(196,95,100,'1991-05-30 14:30:29','2020-12-18 10:13:14'),(197,89,56,'1987-12-18 03:21:55','2004-01-12 18:15:10'),(198,45,39,'2012-12-29 22:11:09','2020-12-18 10:13:14'),(199,17,51,'1973-09-25 07:01:06','2007-06-27 04:34:23'),(200,11,70,'1973-02-19 10:14:37','1993-02-13 17:48:07'),(201,3,78,'1985-01-04 03:29:45','2020-12-18 10:13:14'),(202,74,1,'2005-06-04 21:09:05','2020-12-18 10:13:14'),(203,49,63,'1992-07-16 18:50:28','2011-02-17 01:15:47'),(204,49,4,'1971-10-13 16:18:48','1972-09-17 01:40:10'),(205,85,13,'2004-06-27 08:27:20','2020-12-18 10:13:14'),(206,6,78,'2012-04-27 22:32:38','2020-12-18 10:13:14'),(207,52,51,'1982-01-15 01:06:30','2020-12-18 10:11:22'),(208,23,53,'2009-10-13 01:01:46','2020-12-18 10:13:14'),(209,13,47,'1996-05-03 22:22:01','2020-12-18 10:13:14'),(210,7,31,'1980-11-24 14:13:10','1981-12-25 07:13:48'),(211,61,2,'2013-02-22 05:08:49','2020-12-18 10:13:14'),(212,30,49,'2000-06-03 14:06:41','2020-12-18 10:13:14'),(213,57,75,'1994-11-21 23:50:06','2020-12-18 10:13:14'),(214,87,74,'2010-10-16 22:03:05','2020-12-18 10:13:14'),(215,25,98,'2019-02-16 22:55:31','2020-12-18 10:13:14'),(216,44,27,'2010-08-26 11:31:52','2020-12-18 10:13:14'),(217,75,17,'1971-08-07 01:12:16','1998-07-06 19:18:03'),(218,28,24,'1983-04-06 04:47:05','1995-12-18 10:37:40'),(219,80,76,'1980-07-11 02:51:31','2020-12-18 10:13:14'),(220,28,64,'2001-05-29 11:36:18','2008-02-04 15:14:32'),(221,88,33,'1984-10-10 22:12:41','2020-12-18 10:13:14'),(222,42,39,'2008-05-19 15:26:51','2020-12-18 10:13:14'),(223,84,64,'1975-08-08 11:09:47','2007-08-29 17:24:53'),(224,92,96,'1972-01-13 20:05:07','2016-01-31 06:28:48'),(225,11,98,'1970-07-05 14:58:25','1984-02-27 22:58:28'),(226,26,71,'1971-07-15 23:24:32','2020-12-18 10:13:14'),(227,100,56,'1970-01-18 09:35:22','2005-07-09 23:46:18'),(228,20,56,'1992-12-28 04:04:54','2020-12-18 10:13:14'),(229,30,6,'1991-07-15 08:41:01','2018-05-21 16:14:52'),(230,30,55,'2020-01-04 05:16:03','2020-12-18 10:13:14'),(231,3,73,'1970-11-09 03:50:00','2004-02-24 11:47:54'),(232,81,78,'2016-02-06 02:24:42','2016-07-23 15:49:48'),(233,90,9,'1997-12-20 03:09:47','2019-06-30 03:25:13'),(234,2,69,'2002-03-29 11:25:51','2020-12-18 10:13:14'),(235,84,29,'2013-06-25 13:37:50','2020-12-18 10:13:14'),(236,33,72,'2020-10-03 00:07:16','2020-12-18 10:13:14'),(237,61,75,'2020-04-10 15:50:26','2020-12-18 10:13:14'),(238,11,44,'2014-12-10 10:17:39','2018-03-06 01:03:27'),(239,39,2,'1975-06-01 10:37:32','1980-02-20 03:45:43'),(240,39,49,'1981-06-26 15:53:23','2020-12-18 10:13:14'),(241,100,64,'1986-02-23 11:15:34','2002-03-27 15:19:54'),(242,19,99,'1981-04-25 15:15:38','1992-12-05 04:28:25'),(243,20,39,'1998-07-05 02:52:02','2016-03-16 12:59:08'),(244,55,49,'2013-11-14 16:21:27','2020-12-18 10:13:14'),(245,44,84,'1996-11-17 05:32:32','2020-12-18 10:13:14'),(246,3,47,'1999-08-03 05:47:04','2020-12-18 10:13:14'),(247,57,84,'2013-08-21 10:56:55','2020-12-18 10:13:14'),(248,25,46,'1991-12-23 19:47:56','2003-10-03 05:48:39'),(249,92,26,'1992-07-14 09:40:06','2020-12-18 10:13:14'),(250,15,76,'1999-09-26 07:46:22','2014-08-16 15:09:17'),(251,54,48,'1999-07-13 21:31:32','2020-12-18 10:13:14'),(252,48,15,'1981-07-02 05:26:18','1994-07-19 09:45:12'),(253,22,58,'2018-03-15 16:50:43','2019-08-20 02:32:28'),(254,58,61,'1996-01-02 23:22:37','2007-08-17 21:42:03'),(255,59,97,'1995-09-23 18:48:25','2019-10-10 07:31:31'),(256,9,59,'2012-05-08 15:05:22','2020-12-18 10:13:14'),(257,61,28,'1979-10-25 14:25:17','1985-03-16 10:07:59'),(258,58,80,'2019-12-22 09:58:54','2020-12-18 10:13:14'),(259,66,12,'1980-07-02 09:14:12','2006-10-15 23:51:57'),(260,28,10,'1987-03-16 14:14:46','2013-04-11 02:31:00'),(261,96,31,'1983-12-05 18:08:59','1995-11-11 00:12:49'),(262,56,52,'2010-11-13 13:00:31','2019-06-08 02:24:25'),(263,15,80,'1987-08-22 17:03:53','1993-08-21 11:34:37'),(264,98,7,'1976-03-13 09:55:41','1976-06-22 10:15:58'),(265,6,13,'1973-11-26 11:45:50','1981-05-09 00:39:14'),(266,83,59,'2017-05-05 10:14:24','2020-12-18 10:13:14'),(267,60,30,'2019-03-08 23:26:20','2020-12-18 10:13:14'),(268,74,82,'1998-07-21 13:24:58','2020-12-18 10:13:14'),(269,87,31,'1977-12-12 00:28:51','1996-02-22 05:29:01'),(270,42,46,'1973-02-26 03:59:19','2019-02-28 00:52:01'),(271,27,51,'2020-07-06 06:19:27','2020-12-18 10:13:14'),(272,5,88,'2015-05-13 13:35:10','2020-12-18 10:13:14'),(273,79,62,'1997-06-05 23:14:54','2017-02-18 21:19:38'),(274,67,44,'1973-01-01 13:24:30','1983-12-10 18:45:04'),(275,73,95,'1979-11-02 15:32:17','1993-11-12 21:09:40'),(276,53,68,'2005-05-14 16:05:12','2020-12-18 10:13:14'),(277,26,9,'2009-05-30 14:23:26','2020-12-18 10:13:14'),(278,20,40,'2005-08-04 17:49:12','2011-02-27 04:11:26'),(279,89,17,'1981-09-24 17:26:02','2020-12-18 10:13:14'),(280,47,94,'2019-07-31 19:52:23','2020-12-18 10:13:14'),(281,30,29,'1989-08-30 07:29:01','2020-12-18 10:13:14'),(282,53,89,'1987-09-13 16:28:29','2020-12-18 10:13:14'),(283,58,26,'1985-02-05 07:58:02','2002-12-28 18:19:42'),(284,71,45,'1971-10-24 09:58:52','1986-11-20 09:08:26'),(285,57,13,'2002-11-24 14:22:23','2011-04-30 11:36:03'),(286,90,84,'1999-10-07 13:53:37','2000-02-02 19:28:49'),(287,63,94,'1996-06-08 15:00:46','2017-10-10 16:44:37'),(288,71,41,'1988-10-17 07:51:04','2020-12-18 10:13:14'),(289,55,38,'1974-08-21 00:44:36','2014-05-03 04:17:34'),(290,85,28,'2016-04-03 10:36:40','2020-12-18 10:13:14'),(291,32,38,'1992-01-06 01:25:36','1995-06-24 17:23:12'),(292,96,57,'2015-01-28 08:33:57','2020-12-18 10:13:14'),(293,47,15,'1975-01-30 00:33:15','1994-04-04 06:38:42'),(294,97,35,'1988-06-25 06:42:38','2003-07-07 23:14:21'),(295,32,43,'1986-10-01 06:39:57','2003-09-27 04:15:54'),(296,29,61,'1978-12-25 02:05:37','1989-05-23 01:23:12'),(297,71,82,'1972-05-04 04:29:04','1977-05-02 05:14:56'),(298,50,28,'2009-08-17 22:08:55','2020-12-18 10:13:14'),(299,8,21,'2009-07-26 00:44:39','2020-12-18 10:13:14'),(300,72,64,'1997-04-21 13:41:30','2001-01-10 09:18:42');
/*!40000 ALTER TABLE `follow_users` ENABLE KEYS */;
UNLOCK TABLES;

--
-- Table structure for table `genres`
--

DROP TABLE IF EXISTS `genres`;
/*!40101 SET @saved_cs_client     = @@character_set_client */;
/*!50503 SET character_set_client = utf8mb4 */;
CREATE TABLE `genres` (
  `id` bigint unsigned NOT NULL AUTO_INCREMENT,
  `genre` varchar(200) CHARACTER SET utf8 COLLATE utf8_unicode_ci NOT NULL,
  PRIMARY KEY (`id`),
  UNIQUE KEY `genre` (`genre`)
) ENGINE=InnoDB AUTO_INCREMENT=9 DEFAULT CHARSET=utf8 COLLATE=utf8_unicode_ci;
/*!40101 SET character_set_client = @saved_cs_client */;

--
-- Dumping data for table `genres`
--

LOCK TABLES `genres` WRITE;
/*!40000 ALTER TABLE `genres` DISABLE KEYS */;
INSERT INTO `genres` VALUES (1,'essey'),(8,'fairy_tale'),(4,'novel'),(6,'novella'),(5,'play'),(2,'poem'),(7,'short_story'),(3,'story');
/*!40000 ALTER TABLE `genres` ENABLE KEYS */;
UNLOCK TABLES;

--
-- Table structure for table `likes`
--

DROP TABLE IF EXISTS `likes`;
/*!40101 SET @saved_cs_client     = @@character_set_client */;
/*!50503 SET character_set_client = utf8mb4 */;
CREATE TABLE `likes` (
  `id` bigint unsigned NOT NULL AUTO_INCREMENT,
  `user_id` bigint unsigned NOT NULL,
  `target_id` bigint unsigned NOT NULL,
  `target_type_id` bigint unsigned NOT NULL,
  `created_at` datetime DEFAULT CURRENT_TIMESTAMP,
  PRIMARY KEY (`id`),
  KEY `likes_target_idx` (`target_id`),
  KEY `user_id` (`user_id`),
  KEY `target_type_id` (`target_type_id`),
  CONSTRAINT `likes_ibfk_1` FOREIGN KEY (`user_id`) REFERENCES `users` (`id`) ON UPDATE CASCADE,
  CONSTRAINT `likes_ibfk_2` FOREIGN KEY (`target_type_id`) REFERENCES `target_types` (`id`) ON UPDATE CASCADE
) ENGINE=InnoDB AUTO_INCREMENT=551 DEFAULT CHARSET=utf8 COLLATE=utf8_unicode_ci;
/*!40101 SET character_set_client = @saved_cs_client */;

--
-- Dumping data for table `likes`
--

LOCK TABLES `likes` WRITE;
/*!40000 ALTER TABLE `likes` DISABLE KEYS */;
INSERT INTO `likes` VALUES (1,24,148,3,'2008-08-21 07:29:15'),(2,31,13,6,'2017-01-10 17:11:54'),(3,22,35,1,'1972-08-12 16:00:19'),(4,83,65,1,'1972-04-20 18:40:53'),(5,92,40,2,'1992-03-31 05:34:44'),(6,49,2,5,'2008-11-06 06:39:58'),(7,21,4,5,'2013-05-17 19:49:14'),(8,85,6,5,'1980-05-22 15:43:36'),(9,8,95,2,'1992-06-08 09:31:25'),(10,99,9,6,'2020-01-14 11:29:03'),(11,59,22,1,'1973-10-03 15:55:26'),(12,44,5,5,'2012-10-28 12:08:51'),(13,13,14,1,'2013-09-20 11:06:28'),(14,38,3,5,'1979-06-16 02:37:43'),(15,8,6,6,'2003-11-23 06:56:54'),(16,46,66,4,'1994-07-07 20:59:00'),(17,43,94,2,'2015-07-05 12:23:11'),(18,63,54,2,'2009-12-24 14:53:59'),(19,90,119,2,'2000-03-10 05:13:09'),(20,56,2,1,'1992-05-13 21:57:01'),(21,53,40,2,'2006-09-11 12:06:30'),(22,53,104,2,'1983-05-09 10:52:31'),(23,94,6,5,'1999-10-06 20:16:27'),(24,15,192,4,'1975-01-03 15:59:47'),(25,90,92,4,'2007-03-08 12:05:40'),(26,100,55,4,'1980-04-20 16:11:55'),(27,60,1,6,'1973-08-27 06:55:23'),(28,51,70,1,'1997-08-22 05:57:44'),(29,45,156,3,'2011-11-19 01:58:47'),(30,30,166,4,'2009-01-15 22:35:54'),(31,40,43,1,'1999-06-07 22:11:51'),(32,83,2,5,'2019-02-26 20:06:57'),(33,51,5,1,'2013-03-12 02:58:32'),(34,46,97,1,'1971-11-14 16:07:14'),(35,89,4,5,'1995-10-23 05:09:50'),(36,21,1,6,'2000-02-12 14:50:21'),(37,5,41,4,'1993-08-10 10:16:03'),(38,14,14,6,'2008-04-27 09:14:20'),(39,10,12,6,'1983-05-30 03:41:58'),(40,99,2,6,'2002-03-20 10:54:57'),(41,42,68,1,'2006-01-04 01:26:24'),(42,48,10,2,'1982-10-13 07:22:04'),(43,42,5,5,'2016-08-19 07:21:06'),(44,73,142,4,'2016-01-11 07:01:28'),(45,86,185,4,'2008-10-05 11:22:41'),(46,39,48,1,'1971-09-15 02:09:13'),(47,77,157,3,'2010-08-23 20:44:03'),(48,8,2,6,'2008-07-21 09:08:59'),(49,66,128,2,'1983-02-23 10:05:54'),(50,68,48,3,'1987-03-03 20:49:03'),(51,55,90,4,'1977-07-07 20:03:22'),(52,96,6,6,'2008-06-29 21:07:36'),(53,62,87,2,'1994-10-09 13:01:03'),(54,58,37,1,'1995-12-07 10:32:58'),(55,38,177,3,'1986-04-14 13:46:50'),(56,71,118,4,'1999-08-29 05:47:53'),(57,56,7,6,'2008-01-29 13:37:12'),(58,80,59,4,'2010-05-06 22:18:36'),(59,16,51,2,'1997-07-23 07:42:53'),(60,83,3,5,'1986-11-06 03:20:49'),(61,54,41,1,'2007-11-04 12:45:33'),(62,27,123,2,'1980-06-06 07:15:14'),(63,43,93,1,'1989-08-29 08:03:15'),(64,58,54,3,'2007-02-26 09:08:33'),(65,89,182,4,'2014-04-16 16:46:41'),(66,63,4,6,'2014-11-25 23:42:18'),(67,15,5,5,'2002-04-06 09:31:49'),(68,3,11,6,'1971-08-30 06:04:05'),(69,67,3,5,'2003-09-13 16:07:12'),(70,48,1,6,'1986-07-15 15:20:28'),(71,17,39,1,'1973-02-24 09:26:26'),(72,83,1,5,'2002-08-11 21:13:13'),(73,36,5,5,'2012-11-01 03:27:08'),(74,69,73,2,'1970-08-24 09:02:03'),(75,13,13,6,'2013-09-26 04:03:17'),(76,53,19,1,'1982-02-26 06:19:36'),(77,73,164,4,'2012-01-12 04:00:44'),(78,97,7,6,'1998-05-18 11:38:28'),(79,14,85,3,'1996-04-13 20:25:37'),(80,24,83,3,'2017-11-15 01:18:38'),(81,80,125,2,'1992-02-15 06:52:35'),(82,46,84,3,'2014-01-26 09:58:50'),(83,43,5,5,'1997-05-07 05:16:01'),(84,71,76,3,'2001-09-19 14:36:57'),(85,9,75,1,'2007-11-28 09:29:26'),(86,14,18,1,'1985-02-12 14:00:47'),(87,36,2,5,'1991-05-25 13:19:53'),(88,98,6,5,'2013-07-19 11:55:06'),(89,57,98,3,'2019-06-03 08:35:19'),(90,23,6,5,'1994-01-28 07:01:31'),(91,18,5,5,'2015-07-16 07:43:06'),(92,36,66,1,'2001-03-02 18:31:41'),(93,54,16,2,'2020-01-13 19:54:06'),(94,6,7,6,'1989-02-28 08:28:32'),(95,86,1,6,'1980-01-18 17:33:49'),(96,70,11,6,'1992-07-30 00:43:05'),(97,14,74,1,'1980-08-09 16:20:50'),(98,60,1,5,'1974-08-27 20:36:24'),(99,64,70,1,'1990-10-31 14:53:34'),(100,66,30,1,'1991-09-01 22:48:56'),(101,47,110,4,'1983-12-07 01:24:39'),(102,98,4,5,'2018-06-21 11:10:49'),(103,74,39,1,'1990-10-21 13:19:09'),(104,54,5,1,'2008-10-19 11:35:46'),(105,61,10,6,'2014-01-16 23:53:09'),(106,100,1,5,'1975-11-03 06:28:06'),(107,50,78,4,'2014-06-06 07:06:38'),(108,69,1,5,'1978-01-06 09:17:40'),(109,67,168,3,'2011-04-19 13:28:08'),(110,71,96,2,'1985-08-02 08:46:31'),(111,3,148,3,'2012-11-02 15:13:14'),(112,18,6,1,'2001-12-25 21:55:18'),(113,55,145,3,'1981-12-16 05:59:27'),(114,72,1,6,'2013-10-27 06:11:57'),(115,7,40,2,'2006-09-04 03:25:07'),(116,90,14,1,'2012-10-21 16:17:15'),(117,16,43,2,'2014-07-01 23:21:59'),(118,36,157,4,'2012-01-10 09:58:32'),(119,82,195,4,'2013-04-03 05:35:19'),(120,20,185,4,'1973-09-09 16:53:29'),(121,65,6,5,'2009-10-30 22:34:30'),(122,22,111,4,'1983-08-03 12:55:46'),(123,54,2,5,'1998-12-24 10:47:49'),(124,17,96,2,'1983-08-19 23:23:07'),(125,64,3,6,'1971-02-06 15:30:12'),(126,73,51,1,'1971-03-12 21:34:00'),(127,27,59,4,'2003-06-02 22:20:41'),(128,81,4,5,'1971-05-12 23:57:28'),(129,67,11,1,'1994-05-01 10:30:05'),(130,100,1,5,'1994-05-04 20:33:08'),(131,90,108,3,'1999-01-17 14:44:51'),(132,27,10,6,'1984-01-06 16:00:20'),(133,76,170,4,'1992-06-28 09:30:43'),(134,96,87,2,'2011-07-26 10:04:16'),(135,51,18,2,'1976-03-08 11:45:25'),(136,100,88,2,'1974-05-27 00:17:29'),(137,34,191,4,'1993-10-29 04:46:20'),(138,29,69,4,'1995-04-01 21:30:31'),(139,11,64,4,'1985-01-21 21:35:33'),(140,8,110,4,'1979-04-11 09:29:43'),(141,34,5,5,'1994-05-09 11:17:46'),(142,40,13,6,'1974-03-06 15:13:43'),(143,70,6,5,'2006-10-31 02:49:18'),(144,42,5,1,'1978-01-27 10:22:21'),(145,73,172,3,'1971-11-25 16:54:32'),(146,10,125,2,'1981-12-04 08:22:37'),(147,30,90,1,'2018-03-19 09:11:06'),(148,69,104,3,'2001-12-08 06:03:23'),(149,98,6,6,'2012-07-19 20:57:30'),(150,62,5,5,'1973-11-09 12:30:09'),(151,79,6,5,'1978-07-04 00:55:34'),(152,64,97,4,'1993-02-10 16:13:29'),(153,82,5,6,'1996-04-09 15:50:22'),(154,100,5,5,'1983-01-09 01:42:56'),(155,39,102,2,'2014-07-17 03:40:50'),(156,66,8,6,'1995-01-09 21:17:39'),(157,86,7,4,'1985-09-13 16:09:40'),(158,32,36,1,'1985-04-02 18:00:22'),(159,26,110,4,'1996-05-11 08:44:55'),(160,91,9,1,'1995-07-15 21:21:44'),(161,14,1,5,'2014-12-04 08:49:23'),(162,61,36,1,'2006-06-22 21:15:26'),(163,36,51,1,'1977-04-30 17:59:55'),(164,47,93,3,'2013-03-11 07:27:33'),(165,93,48,1,'2005-07-30 21:52:14'),(166,82,8,6,'1971-09-24 18:29:17'),(167,70,4,2,'2007-02-03 02:40:31'),(168,83,75,3,'2011-11-06 09:27:55'),(169,37,105,2,'2016-11-17 12:28:39'),(170,44,70,3,'2003-03-30 22:36:15'),(171,88,85,1,'2003-02-18 15:41:49'),(172,47,3,6,'1980-12-24 07:56:31'),(173,15,5,5,'1988-02-08 02:40:42'),(174,29,177,4,'2012-06-24 10:08:16'),(175,51,88,4,'2019-09-04 14:51:34'),(176,38,123,2,'1980-09-10 01:55:49'),(177,19,24,3,'1989-03-05 08:19:32'),(178,7,4,5,'2014-03-17 01:10:46'),(179,28,39,2,'2018-10-11 04:51:44'),(180,87,81,1,'2014-08-24 02:10:43'),(181,62,52,4,'1991-09-27 01:53:12'),(182,91,74,4,'1994-07-28 22:55:09'),(183,13,88,3,'2007-03-07 06:41:32'),(184,82,86,2,'1983-08-20 20:46:37'),(185,56,51,1,'2017-04-05 17:29:41'),(186,24,4,6,'2016-08-17 22:58:27'),(187,34,11,6,'1986-09-30 12:36:43'),(188,18,13,6,'1985-06-01 11:37:11'),(189,48,3,5,'1992-10-12 17:58:38'),(190,87,12,1,'2013-07-18 18:21:25'),(191,65,5,5,'1990-12-23 18:59:16'),(192,62,7,1,'1992-11-12 06:40:21'),(193,23,1,5,'1986-06-01 12:16:48'),(194,38,3,6,'1976-08-26 19:21:17'),(195,21,53,2,'1995-03-09 06:52:15'),(196,70,6,2,'1991-03-31 02:46:38'),(197,93,4,5,'2008-07-14 23:06:35'),(198,12,2,5,'1989-01-29 09:56:36'),(199,35,190,4,'1999-06-03 05:42:46'),(200,54,96,1,'2006-05-02 22:07:34'),(201,18,1,2,'1971-05-08 19:25:14'),(202,34,6,5,'2007-10-18 05:26:52'),(203,48,93,3,'1995-08-19 22:46:59'),(204,99,4,6,'2002-05-29 08:06:01'),(205,96,13,6,'1980-06-06 04:21:08'),(206,93,3,5,'2009-09-05 05:24:33'),(207,10,185,3,'1975-06-10 00:39:29'),(208,44,59,1,'1972-07-28 07:54:37'),(209,22,134,4,'1993-06-22 03:36:46'),(210,81,2,5,'1983-12-27 01:14:05'),(211,6,3,5,'2002-04-17 07:08:16'),(212,24,8,6,'2000-02-06 19:20:54'),(213,11,6,1,'1981-03-30 20:01:20'),(214,3,14,6,'2013-05-21 03:55:19'),(215,28,57,3,'1981-04-03 23:08:57'),(216,35,115,2,'1991-07-12 20:57:43'),(217,34,54,2,'2008-01-21 12:02:56'),(218,96,128,3,'1992-07-28 10:38:10'),(219,18,5,6,'1999-02-20 11:33:14'),(220,76,143,4,'2000-04-16 21:10:14'),(221,79,6,4,'1997-02-15 03:20:12'),(222,74,9,4,'1982-04-13 09:20:57'),(223,21,54,2,'1989-10-22 18:37:39'),(224,20,2,5,'1996-08-05 07:49:23'),(225,99,11,6,'1980-06-13 07:44:45'),(226,84,52,1,'2007-01-29 05:47:06'),(227,51,11,6,'2018-06-13 09:47:10'),(228,3,173,3,'1992-03-15 22:22:29'),(229,42,108,2,'1980-02-28 12:27:07'),(230,5,5,5,'1997-01-04 02:07:31'),(231,62,117,2,'2020-05-18 07:58:46'),(232,15,129,2,'1982-06-10 03:14:25'),(233,7,130,3,'2003-08-20 16:20:01'),(234,76,42,1,'2010-08-07 17:43:08'),(235,4,52,1,'1985-02-17 16:47:48'),(236,38,30,3,'2004-05-03 19:31:31'),(237,19,35,1,'2005-02-01 23:08:57'),(238,71,3,5,'1970-07-03 06:01:57'),(239,30,40,4,'1988-09-21 03:44:15'),(240,82,17,1,'1971-03-19 00:02:19'),(241,90,34,2,'2011-05-26 13:00:08'),(242,34,41,2,'1999-06-02 03:09:28'),(243,72,103,2,'2002-03-16 07:49:41'),(244,100,8,6,'2013-04-23 16:48:42'),(245,41,4,2,'2018-10-15 05:01:57'),(246,83,5,6,'1985-08-07 20:54:38'),(247,44,4,5,'1973-09-09 19:49:47'),(248,98,82,1,'1990-08-29 19:26:08'),(249,7,1,6,'1980-04-24 06:43:44'),(250,75,132,4,'2011-07-31 18:26:41'),(251,25,97,2,'1989-02-23 20:26:57'),(252,93,1,5,'2015-06-09 12:39:23'),(253,25,89,3,'1971-11-08 19:47:00'),(254,83,84,2,'2013-09-05 12:15:41'),(255,52,59,1,'1986-10-14 15:14:24'),(256,83,109,3,'1992-05-14 07:51:18'),(257,29,49,1,'1989-09-23 08:45:54'),(258,81,129,2,'1979-06-21 04:15:39'),(259,52,65,1,'1979-03-25 19:41:13'),(260,13,132,3,'2008-11-21 20:17:38'),(261,85,78,1,'2009-05-18 21:02:51'),(262,96,97,1,'1975-11-19 07:07:07'),(263,92,1,2,'2011-09-23 12:31:21'),(264,79,2,6,'1972-01-27 20:42:56'),(265,66,85,4,'2007-07-08 12:08:41'),(266,9,48,1,'1987-02-12 22:26:12'),(267,67,7,6,'1977-07-23 03:05:18'),(268,34,20,4,'1974-09-11 20:38:54'),(269,64,3,6,'1980-03-11 00:39:43'),(270,45,94,4,'1980-05-01 04:30:44'),(271,80,6,2,'1978-01-16 15:33:56'),(272,57,157,4,'2012-04-07 23:54:39'),(273,44,29,2,'1973-07-17 06:11:07'),(274,8,128,2,'1989-06-03 21:15:43'),(275,17,2,5,'1989-10-15 16:06:41'),(276,88,48,1,'2016-12-28 13:05:49'),(277,16,5,5,'1978-08-02 13:01:04'),(278,30,95,1,'2013-11-11 20:44:09'),(279,76,4,5,'2009-03-20 03:19:48'),(280,5,83,3,'2008-03-11 13:45:23'),(281,62,30,2,'1970-11-23 23:45:27'),(282,33,2,5,'2002-11-12 11:41:26'),(283,14,30,1,'2020-09-18 14:42:01'),(284,19,65,1,'2003-09-25 02:52:23'),(285,82,179,4,'1987-12-29 05:13:31'),(286,93,34,1,'2009-08-13 07:53:11'),(287,91,75,1,'1998-05-30 19:20:49'),(288,70,74,1,'1987-04-17 13:56:07'),(289,85,43,1,'2007-02-13 06:14:26'),(290,29,92,1,'2004-11-17 07:57:59'),(291,98,32,1,'1999-07-31 23:31:14'),(292,2,200,3,'1973-03-31 22:29:02'),(293,100,6,6,'1980-08-22 10:03:13'),(294,20,180,4,'1988-12-24 02:50:11'),(295,40,88,4,'1982-05-25 18:22:19'),(296,18,27,2,'1973-11-07 14:32:04'),(297,38,90,4,'1988-02-22 18:43:29'),(298,29,84,1,'1971-11-01 13:04:05'),(299,15,2,5,'1998-03-17 10:56:19'),(300,29,6,5,'1999-09-08 08:57:54'),(301,11,43,2,'2001-03-29 20:09:56'),(302,58,5,2,'1992-02-27 00:39:11'),(303,69,134,3,'1992-04-05 21:07:03'),(304,34,190,4,'1996-12-15 18:19:08'),(305,4,153,3,'1975-10-20 12:25:08'),(306,54,23,2,'1988-11-02 13:26:12'),(307,80,101,2,'2008-11-28 17:04:55'),(308,14,148,4,'1988-06-05 11:38:24'),(309,87,26,3,'2005-09-18 23:52:48'),(310,55,3,5,'1988-07-07 10:55:40'),(311,58,6,6,'2009-05-10 00:48:15'),(312,27,44,2,'2005-05-19 20:40:38'),(313,22,5,5,'2019-05-24 16:57:06'),(314,47,24,1,'2015-08-11 03:34:18'),(315,4,3,5,'1970-09-04 01:04:34'),(316,33,5,5,'2010-05-09 09:42:51'),(317,95,66,1,'2009-03-06 11:27:00'),(318,14,51,4,'2013-12-18 14:58:32'),(319,17,5,5,'1991-09-30 01:29:27'),(320,17,3,5,'2019-09-20 23:34:56'),(321,11,193,4,'2020-08-02 00:25:28'),(322,22,91,4,'1980-08-24 10:18:30'),(323,25,12,6,'2001-12-27 14:13:24'),(324,69,13,6,'1976-10-13 04:06:57'),(325,70,176,4,'2010-05-22 18:04:41'),(326,38,99,4,'1979-09-09 18:27:25'),(327,96,60,1,'2010-11-29 01:54:43'),(328,23,2,6,'2007-10-22 03:07:25'),(329,21,11,6,'2007-12-21 11:27:07'),(330,54,1,5,'1972-11-27 07:42:57'),(331,44,46,2,'2015-09-23 18:21:31'),(332,37,45,4,'1999-07-29 05:28:12'),(333,77,6,5,'2009-04-13 01:22:41'),(334,2,3,5,'2002-09-03 06:28:42'),(335,98,94,3,'1972-08-09 16:09:28'),(336,15,1,5,'1990-02-19 12:24:59'),(337,88,9,6,'1993-05-26 12:31:42'),(338,98,9,6,'1994-05-07 20:01:59'),(339,72,100,1,'1980-09-22 09:56:24'),(340,24,3,6,'2015-06-07 23:08:36'),(341,90,14,6,'1972-09-12 02:30:14'),(342,68,2,5,'2000-08-28 23:49:05'),(343,25,19,1,'1995-06-15 01:47:27'),(344,3,8,6,'1984-04-20 05:22:58'),(345,59,59,3,'1981-02-09 18:58:40'),(346,69,1,5,'1979-04-15 00:08:48'),(347,44,98,2,'2003-01-27 09:24:13'),(348,41,11,6,'2007-08-12 08:41:35'),(349,55,3,6,'1993-02-16 16:40:43'),(350,15,173,4,'1981-08-26 09:37:22'),(351,60,4,4,'1982-01-28 00:59:58'),(352,60,8,6,'1998-12-22 07:47:45'),(353,65,4,6,'2017-08-09 23:01:01'),(354,59,139,4,'2011-09-19 07:16:44'),(355,23,194,3,'1980-04-27 00:40:02'),(356,77,93,1,'1986-03-02 08:59:53'),(357,43,93,2,'2009-07-03 21:51:59'),(358,98,11,1,'1992-12-12 22:36:47'),(359,35,7,6,'1985-05-24 00:51:59'),(360,13,8,6,'2006-11-16 09:29:14'),(361,57,4,5,'1994-06-29 07:49:13'),(362,95,8,6,'1973-01-19 04:23:54'),(363,86,61,4,'1976-11-25 15:00:25'),(364,21,73,1,'1993-08-28 03:53:04'),(365,77,3,5,'2017-02-27 19:23:24'),(366,92,124,4,'2017-04-25 14:07:38'),(367,64,2,5,'2000-04-09 03:47:24'),(368,82,1,5,'2004-09-10 06:11:17'),(369,8,24,3,'2010-04-16 07:19:13'),(370,64,190,4,'1971-03-24 01:09:48'),(371,23,40,2,'2001-12-20 03:15:56'),(372,43,49,2,'2014-12-02 21:42:12'),(373,85,95,4,'2013-08-15 15:56:30'),(374,33,33,1,'1974-02-05 19:36:10'),(375,40,85,4,'1989-07-08 18:26:40'),(376,12,13,6,'1996-03-07 14:29:42'),(377,27,12,6,'2017-11-23 14:59:19'),(378,98,43,1,'1979-03-20 10:58:10'),(379,42,124,2,'1996-02-19 12:46:08'),(380,52,6,6,'1997-08-12 18:32:52'),(381,53,83,2,'2003-03-15 01:56:47'),(382,53,154,4,'1989-08-10 03:15:14'),(383,95,9,6,'1992-01-06 08:21:16'),(384,44,1,5,'1999-01-22 04:39:17'),(385,74,89,3,'1978-06-14 01:11:49'),(386,33,183,4,'1984-04-03 06:38:13'),(387,49,12,6,'1987-11-17 16:33:30'),(388,62,120,4,'1994-05-02 10:52:44'),(389,15,42,2,'2015-03-15 20:38:14'),(390,53,17,1,'2008-10-06 15:28:31'),(391,40,93,2,'2013-09-02 18:41:26'),(392,52,59,4,'2013-07-13 16:40:30'),(393,72,123,4,'2005-05-11 19:47:19'),(394,79,2,6,'1970-07-06 23:22:25'),(395,67,54,1,'1989-03-02 06:44:20'),(396,30,113,3,'1973-12-06 05:04:14'),(397,74,20,1,'1970-12-12 00:45:36'),(398,35,39,1,'2005-08-29 00:05:18'),(399,17,77,2,'2010-07-13 23:20:51'),(400,72,105,2,'2013-12-12 12:00:14'),(401,87,34,1,'1988-05-03 22:01:14'),(402,86,5,5,'1982-09-02 13:05:26'),(403,80,169,3,'1989-08-25 22:56:48'),(404,69,51,1,'1984-06-17 01:51:05'),(405,42,2,5,'1977-01-30 22:10:25'),(406,49,5,6,'2006-03-28 09:37:36'),(407,86,96,3,'2020-01-22 20:43:24'),(408,48,5,6,'2001-06-04 00:45:28'),(409,48,148,3,'2019-11-11 10:43:36'),(410,69,53,1,'2020-05-10 22:26:02'),(411,56,89,4,'2015-01-02 19:39:02'),(412,33,32,2,'1993-10-01 23:47:21'),(413,81,7,6,'1985-08-06 10:28:54'),(414,99,4,6,'1996-05-30 15:22:50'),(415,47,11,1,'1974-05-14 17:09:37'),(416,87,98,1,'2002-07-30 09:31:02'),(417,75,106,2,'2008-11-13 01:31:18'),(418,68,2,6,'1989-06-08 03:37:33'),(419,20,55,1,'1971-12-12 01:14:22'),(420,50,42,2,'2010-03-05 02:52:24'),(421,58,143,3,'1972-01-02 11:33:55'),(422,42,98,4,'1979-10-30 01:49:54'),(423,98,81,1,'1973-09-15 22:00:08'),(424,100,3,5,'2007-05-29 00:05:22'),(425,15,28,4,'1987-12-20 13:09:53'),(426,60,9,6,'2011-10-26 13:49:53'),(427,67,17,3,'2005-09-01 10:45:00'),(428,100,71,3,'2011-05-08 05:18:10'),(429,60,25,4,'2015-07-06 16:34:15'),(430,45,9,6,'1988-01-29 08:45:03'),(431,69,95,4,'1977-10-07 18:29:03'),(432,39,38,3,'1999-01-06 12:54:57'),(433,4,22,2,'2020-03-16 03:33:35'),(434,98,2,5,'2017-05-15 16:09:43'),(435,43,112,2,'2018-05-15 07:17:38'),(436,85,37,1,'1992-06-08 08:08:40'),(437,45,133,3,'1994-11-20 17:52:26'),(438,43,7,6,'1972-01-11 14:12:54'),(439,15,105,2,'1994-11-15 05:30:49'),(440,88,4,5,'2011-09-04 14:59:42'),(441,11,43,1,'1985-01-07 03:57:29'),(442,99,6,3,'1977-06-27 13:05:46'),(443,39,59,2,'1986-02-23 12:10:56'),(444,25,107,2,'1984-11-01 09:00:23'),(445,96,32,4,'1975-04-05 06:05:44'),(446,4,76,3,'2013-04-18 21:12:31'),(447,1,4,5,'1998-07-21 16:28:27'),(448,7,4,6,'1982-01-10 19:58:38'),(449,48,35,4,'1988-01-31 12:30:37'),(450,29,3,5,'1981-12-08 00:55:54'),(451,52,111,3,'2011-02-05 11:55:08'),(452,91,100,2,'1971-11-25 19:35:54'),(453,39,89,4,'1982-05-28 19:50:48'),(454,39,2,6,'1994-06-25 13:14:28'),(455,75,49,4,'1999-12-10 04:52:56'),(456,83,48,2,'1987-05-05 20:18:15'),(457,73,110,4,'1972-01-08 21:40:45'),(458,63,5,1,'1989-03-05 11:40:16'),(459,79,10,6,'1984-02-20 14:12:18'),(460,9,93,1,'1979-12-03 09:16:10'),(461,57,49,1,'1988-01-16 12:36:51'),(462,39,3,6,'1978-12-19 00:29:17'),(463,54,65,1,'1991-03-15 06:29:49'),(464,62,12,6,'1995-03-04 16:48:58'),(465,50,81,3,'2014-09-12 03:51:43'),(466,92,105,4,'1978-09-10 15:29:19'),(467,2,69,2,'1995-05-30 21:20:14'),(468,98,69,3,'2002-08-11 09:40:17'),(469,15,79,1,'1998-04-04 12:32:49'),(470,94,62,4,'2008-08-17 21:07:53'),(471,62,6,5,'2016-01-19 21:26:03'),(472,75,1,1,'1970-03-04 03:38:27'),(473,58,69,2,'1992-03-10 04:46:25'),(474,46,10,6,'2020-10-10 18:47:26'),(475,24,67,1,'2010-03-11 22:47:22'),(476,11,10,2,'2017-04-26 18:00:23'),(477,65,100,2,'1976-03-09 05:39:56'),(478,36,39,3,'1982-06-23 05:11:18'),(479,94,33,1,'2005-11-17 16:08:12'),(480,20,66,3,'2014-10-23 07:26:45'),(481,87,4,5,'2014-08-16 02:46:17'),(482,46,81,2,'2002-02-21 14:47:14'),(483,93,40,4,'2019-12-02 21:56:01'),(484,29,2,5,'1996-02-06 10:43:29'),(485,79,13,6,'1997-06-18 09:17:48'),(486,97,63,1,'2018-10-05 14:36:30'),(487,99,102,2,'1988-12-01 11:23:44'),(488,76,7,6,'1991-08-23 00:25:50'),(489,8,1,5,'2000-02-14 11:58:18'),(490,92,13,1,'1981-12-11 01:33:23'),(491,74,10,6,'1983-05-25 16:25:19'),(492,10,10,2,'1972-01-28 19:03:31'),(493,51,1,6,'1997-02-01 17:27:23'),(494,57,71,3,'1983-10-14 11:26:23'),(495,43,1,5,'1995-01-29 02:07:08'),(496,88,2,2,'2001-04-23 02:23:29'),(497,87,77,1,'2007-04-08 20:02:04'),(498,18,119,3,'1992-05-27 08:40:42'),(499,76,6,5,'1983-01-05 15:08:59'),(500,88,14,6,'1999-11-21 10:30:32'),(501,69,112,2,'1974-05-05 06:15:49'),(502,96,3,5,'1980-08-18 01:14:28'),(503,56,1,5,'1994-08-15 03:53:29'),(504,24,30,2,'2013-10-25 20:14:37'),(505,91,12,6,'1999-10-29 00:03:40'),(506,94,1,6,'1989-09-12 21:37:13'),(507,18,43,1,'1989-06-10 03:24:22'),(508,3,74,2,'1984-10-24 20:28:41'),(509,50,86,1,'1985-02-04 11:11:30'),(510,13,12,6,'1986-11-19 09:47:50'),(511,35,2,6,'2002-06-01 22:21:06'),(512,22,22,2,'1997-01-20 23:44:19'),(513,34,15,2,'1974-01-05 08:49:40'),(514,2,117,3,'1998-08-01 07:41:36'),(515,86,45,4,'2002-02-24 15:39:08'),(516,64,4,5,'1997-01-23 23:31:00'),(517,74,2,1,'1989-03-16 20:43:59'),(518,22,50,1,'1993-03-02 17:34:34'),(519,30,1,6,'2014-03-08 05:56:27'),(520,92,170,4,'1986-06-29 08:19:08'),(521,62,43,1,'1973-01-31 08:24:42'),(522,84,2,5,'1986-09-25 18:53:22'),(523,90,108,3,'1978-03-23 11:03:05'),(524,48,10,6,'1987-08-19 07:22:33'),(525,44,9,2,'2017-02-11 22:22:48'),(526,31,34,3,'1974-05-16 13:42:08'),(527,62,1,2,'2000-09-28 19:56:10'),(528,100,3,5,'1974-12-10 02:36:35'),(529,92,9,3,'1996-02-15 10:43:02'),(530,5,6,6,'1988-05-23 06:49:28'),(531,90,64,1,'1983-11-08 08:02:04'),(532,31,1,6,'2008-10-04 18:24:01'),(533,27,118,3,'2019-03-23 11:45:01'),(534,92,14,6,'1978-06-16 01:41:00'),(535,98,108,2,'1983-12-27 23:20:04'),(536,76,11,6,'1982-09-21 23:22:00'),(537,69,10,6,'1982-11-11 10:49:11'),(538,39,6,6,'2007-03-15 21:02:30'),(539,44,14,2,'1974-07-27 13:30:30'),(540,97,91,1,'1991-09-18 00:48:04'),(541,48,5,2,'2018-01-28 12:18:03'),(542,67,114,2,'1980-12-02 06:16:10'),(543,80,35,2,'2011-04-27 07:11:29'),(544,4,7,3,'1971-08-10 23:55:10'),(545,68,4,5,'2020-05-19 05:52:24'),(546,48,61,1,'1979-04-26 11:06:19'),(547,76,163,3,'2017-03-21 23:25:16'),(548,20,10,6,'1989-03-22 11:58:39'),(549,30,40,3,'1996-12-03 19:55:06'),(550,58,97,4,'1987-01-22 07:57:26');
/*!40000 ALTER TABLE `likes` ENABLE KEYS */;
UNLOCK TABLES;

--
-- Table structure for table `list_types`
--

DROP TABLE IF EXISTS `list_types`;
/*!40101 SET @saved_cs_client     = @@character_set_client */;
/*!50503 SET character_set_client = utf8mb4 */;
CREATE TABLE `list_types` (
  `id` bigint unsigned NOT NULL AUTO_INCREMENT,
  `list_type` varchar(255) CHARACTER SET utf8 COLLATE utf8_unicode_ci NOT NULL,
  PRIMARY KEY (`id`),
  UNIQUE KEY `list_type` (`list_type`)
) ENGINE=InnoDB AUTO_INCREMENT=4 DEFAULT CHARSET=utf8 COLLATE=utf8_unicode_ci;
/*!40101 SET character_set_client = @saved_cs_client */;

--
-- Dumping data for table `list_types`
--

LOCK TABLES `list_types` WRITE;
/*!40000 ALTER TABLE `list_types` DISABLE KEYS */;
INSERT INTO `list_types` VALUES (1,'favorite'),(2,'read'),(3,'wishlist');
/*!40000 ALTER TABLE `list_types` ENABLE KEYS */;
UNLOCK TABLES;

--
-- Table structure for table `lit_types`
--

DROP TABLE IF EXISTS `lit_types`;
/*!40101 SET @saved_cs_client     = @@character_set_client */;
/*!50503 SET character_set_client = utf8mb4 */;
CREATE TABLE `lit_types` (
  `id` bigint unsigned NOT NULL AUTO_INCREMENT,
  `lit_type` varchar(200) CHARACTER SET utf8 COLLATE utf8_unicode_ci NOT NULL,
  PRIMARY KEY (`id`),
  UNIQUE KEY `lit_type` (`lit_type`)
) ENGINE=InnoDB AUTO_INCREMENT=15 DEFAULT CHARSET=utf8 COLLATE=utf8_unicode_ci;
/*!40101 SET character_set_client = @saved_cs_client */;

--
-- Dumping data for table `lit_types`
--

LOCK TABLES `lit_types` WRITE;
/*!40000 ALTER TABLE `lit_types` DISABLE KEYS */;
INSERT INTO `lit_types` VALUES (1,'adventure'),(12,'childrens'),(5,'classic'),(6,'comedy'),(13,'detective'),(11,'drama'),(10,'fantasy'),(9,'historical'),(7,'horror'),(4,'ironic'),(3,'military'),(14,'romance'),(2,'science_fiction'),(8,'thriller');
/*!40000 ALTER TABLE `lit_types` ENABLE KEYS */;
UNLOCK TABLES;

--
-- Table structure for table `ratings`
--

DROP TABLE IF EXISTS `ratings`;
/*!40101 SET @saved_cs_client     = @@character_set_client */;
/*!50503 SET character_set_client = utf8mb4 */;
CREATE TABLE `ratings` (
  `id` bigint unsigned NOT NULL AUTO_INCREMENT,
  `title_id` bigint unsigned DEFAULT NULL,
  `user_id` bigint unsigned DEFAULT NULL,
  `rating` int unsigned NOT NULL DEFAULT '0',
  `created_at` timestamp NOT NULL DEFAULT CURRENT_TIMESTAMP,
  `updated_at` timestamp NOT NULL DEFAULT CURRENT_TIMESTAMP ON UPDATE CURRENT_TIMESTAMP,
  PRIMARY KEY (`id`),
  KEY `title_id` (`title_id`),
  KEY `user_id` (`user_id`),
  CONSTRAINT `ratings_ibfk_1` FOREIGN KEY (`title_id`) REFERENCES `titles` (`id`) ON UPDATE CASCADE,
  CONSTRAINT `ratings_ibfk_2` FOREIGN KEY (`user_id`) REFERENCES `users` (`id`) ON UPDATE CASCADE
) ENGINE=InnoDB AUTO_INCREMENT=601 DEFAULT CHARSET=utf8 COLLATE=utf8_unicode_ci;
/*!40101 SET character_set_client = @saved_cs_client */;

--
-- Dumping data for table `ratings`
--

LOCK TABLES `ratings` WRITE;
/*!40000 ALTER TABLE `ratings` DISABLE KEYS */;
INSERT INTO `ratings` VALUES (1,153,19,3,'2001-12-30 02:07:58','2020-12-18 10:14:00'),(2,97,75,8,'2020-05-04 17:08:21','2020-12-18 10:14:00'),(3,178,52,0,'1993-06-14 05:16:23','2020-12-18 10:14:00'),(4,8,81,6,'2000-09-24 11:02:26','2020-12-18 10:14:00'),(5,156,76,6,'2016-07-12 19:53:20','2020-12-18 10:14:00'),(6,11,68,1,'1996-04-11 14:59:08','2020-12-18 10:14:00'),(7,69,35,4,'2004-12-12 13:01:18','2020-12-18 10:14:00'),(8,65,64,10,'1975-10-08 04:31:56','2007-02-08 06:12:22'),(9,10,74,3,'2006-10-25 15:52:40','2016-08-15 07:13:45'),(10,10,2,2,'2011-03-25 07:22:48','2020-12-18 10:14:00'),(11,33,10,9,'1985-03-17 23:04:18','2020-12-18 10:14:00'),(12,177,42,0,'1981-07-30 06:29:13','1993-08-14 00:53:41'),(13,64,79,5,'1970-10-31 13:51:53','1991-07-06 20:12:03'),(14,132,65,3,'1987-07-11 06:54:05','2010-02-25 04:00:15'),(15,133,100,0,'1996-06-06 20:16:42','2020-12-18 10:14:00'),(16,91,43,1,'2005-05-06 14:52:34','2020-10-01 01:22:11'),(17,36,94,2,'1981-10-05 23:34:59','1985-02-27 16:41:40'),(18,36,7,8,'2015-02-24 10:43:35','2020-12-18 10:14:00'),(19,90,22,4,'1987-10-04 18:46:57','1989-02-12 14:10:37'),(20,175,23,5,'1989-06-03 18:39:33','2011-08-21 22:22:59'),(21,195,93,8,'1975-03-26 11:53:40','1993-10-26 00:02:50'),(22,180,32,3,'2018-10-26 13:49:52','2020-12-18 10:14:00'),(23,54,23,3,'2017-01-12 17:09:56','2020-12-18 10:14:00'),(24,191,32,7,'1987-04-06 19:12:41','2004-01-05 05:54:53'),(25,192,100,7,'1994-06-14 09:52:45','2000-04-25 01:34:28'),(26,66,12,0,'1995-09-08 21:38:50','2008-05-06 23:43:14'),(27,19,22,2,'2000-03-17 07:11:15','2020-12-18 10:14:00'),(28,107,42,6,'1974-03-09 21:16:08','2020-12-18 10:14:00'),(29,199,20,7,'2001-01-14 00:27:25','2020-12-18 10:14:00'),(30,11,66,2,'1985-09-25 08:41:44','2020-12-18 10:14:00'),(31,37,51,4,'2002-02-09 00:46:00','2003-04-03 03:18:13'),(32,18,36,7,'2008-02-01 13:00:05','2018-11-28 07:43:14'),(33,89,27,2,'2020-04-14 11:55:34','2020-12-18 10:14:00'),(34,86,90,0,'1983-09-22 03:21:47','2020-12-18 10:14:00'),(35,96,30,6,'1974-12-25 16:50:09','2008-11-02 14:34:36'),(36,24,45,1,'2006-05-23 14:56:59','2020-12-18 10:14:00'),(37,45,2,8,'1993-04-11 22:23:54','1996-07-31 19:58:07'),(38,152,49,9,'1997-09-02 18:57:51','2020-12-18 10:14:00'),(39,47,72,5,'2011-10-24 05:29:20','2020-12-18 10:14:00'),(40,161,20,8,'1971-01-20 20:12:51','1972-09-15 11:22:56'),(41,142,13,1,'1991-07-22 06:19:30','2013-05-20 23:51:25'),(42,63,81,0,'1983-10-13 02:20:59','2011-09-06 04:35:55'),(43,69,85,1,'2013-03-05 02:52:45','2020-12-18 10:14:00'),(44,43,34,7,'2002-01-19 10:46:22','2020-12-18 10:14:00'),(45,7,27,6,'2015-08-30 03:00:00','2020-12-18 10:14:00'),(46,199,22,4,'1978-09-03 23:06:09','2020-12-18 10:14:00'),(47,155,8,0,'2012-08-15 05:05:57','2020-12-18 10:14:00'),(48,115,22,7,'2005-12-03 03:54:41','2020-12-18 10:14:00'),(49,69,1,0,'1980-03-09 00:11:38','2017-06-11 19:12:21'),(50,22,82,5,'1992-12-15 10:10:00','2008-02-17 17:10:32'),(51,60,23,2,'1982-10-21 21:12:16','2016-12-29 13:20:40'),(52,53,53,0,'2018-05-17 02:15:54','2020-12-18 10:14:00'),(53,48,3,8,'1994-07-07 19:01:33','2020-12-18 10:14:00'),(54,2,47,1,'2009-03-24 21:38:23','2020-12-18 10:14:00'),(55,147,82,5,'2012-07-29 00:37:12','2020-12-18 10:14:00'),(56,133,45,8,'1984-05-11 04:38:52','1987-10-07 20:15:25'),(57,189,98,0,'1970-03-08 18:46:38','1989-02-28 00:40:39'),(58,49,29,9,'1992-10-15 06:15:37','2007-01-08 10:58:55'),(59,163,46,1,'1973-01-05 08:14:56','2015-09-14 19:22:24'),(60,124,85,7,'2001-11-28 19:03:52','2020-12-18 10:14:00'),(61,144,62,2,'1976-01-01 05:44:38','1980-08-04 00:05:45'),(62,13,50,3,'1999-04-16 15:53:19','2020-12-18 10:14:00'),(63,139,64,6,'1988-10-16 15:32:37','1991-06-10 12:11:21'),(64,142,4,7,'1985-04-08 12:24:46','1994-10-30 22:25:12'),(65,127,82,8,'1996-10-03 03:42:15','2017-08-05 09:01:39'),(66,170,94,4,'1994-01-17 13:49:21','2020-12-18 10:14:00'),(67,8,12,10,'1970-09-21 13:34:37','1976-12-29 16:54:44'),(68,91,28,10,'1974-09-17 22:55:45','1981-10-14 04:01:06'),(69,27,47,6,'1995-11-11 03:53:51','2005-04-24 22:15:20'),(70,149,87,4,'1998-10-22 20:12:15','2019-02-21 05:39:55'),(71,55,41,1,'2008-03-27 10:45:26','2020-12-18 10:14:00'),(72,62,22,2,'2002-10-20 05:06:18','2010-09-27 12:46:21'),(73,75,55,2,'2016-02-01 09:58:27','2020-12-18 10:14:00'),(74,100,19,5,'1971-05-20 13:23:58','2016-04-29 17:06:51'),(75,1,12,10,'1989-04-28 14:14:30','2020-12-18 10:14:00'),(76,7,73,5,'1987-03-26 22:04:42','1988-07-07 00:44:22'),(77,147,10,5,'1999-08-22 16:51:12','2020-12-18 10:14:00'),(78,43,43,4,'1981-05-22 15:22:09','1983-02-27 22:28:11'),(79,146,93,6,'2009-03-13 20:49:23','2012-11-01 02:31:10'),(80,92,37,1,'2001-02-19 04:19:21','2020-12-18 10:14:00'),(81,148,31,8,'1989-05-17 15:00:47','2003-10-01 02:57:50'),(82,60,78,6,'2018-05-03 20:10:39','2020-12-18 10:14:00'),(83,85,76,8,'1995-03-10 15:18:32','2009-09-25 07:02:53'),(84,10,56,5,'1990-03-06 07:45:52','2020-04-29 17:22:22'),(85,43,80,6,'1981-03-24 20:20:17','1999-10-11 09:18:12'),(86,85,49,4,'1971-06-11 09:32:32','2020-01-13 17:30:22'),(87,40,74,6,'1995-09-18 08:39:04','1996-08-24 13:11:12'),(88,141,57,1,'1971-02-13 22:05:34','1976-04-29 04:47:56'),(89,56,21,1,'1996-12-07 10:40:10','2001-10-09 20:15:33'),(90,152,29,9,'2006-01-14 12:53:10','2020-12-18 10:14:00'),(91,64,80,2,'2016-07-07 01:34:23','2020-12-18 10:14:00'),(92,1,5,5,'2010-04-18 04:55:15','2020-12-18 10:14:00'),(93,178,22,2,'2017-11-27 19:46:23','2020-12-18 10:14:00'),(94,95,62,2,'2020-04-24 22:32:35','2020-12-18 10:14:00'),(95,28,94,8,'1973-05-15 04:48:35','1998-05-29 17:53:44'),(96,197,88,4,'1995-09-08 15:16:27','2020-12-18 10:14:00'),(97,49,28,9,'2019-08-23 21:38:27','2020-12-18 10:14:00'),(98,131,67,8,'1971-06-28 18:20:43','2012-03-25 09:46:39'),(99,6,71,0,'2005-08-10 15:07:38','2010-01-09 18:31:37'),(100,44,24,7,'1990-10-10 04:51:37','1999-10-18 16:21:37'),(101,100,65,5,'1978-03-18 16:32:03','1979-03-27 21:22:56'),(102,146,70,1,'2008-05-06 15:59:06','2020-12-18 10:14:00'),(103,75,43,4,'1974-09-14 17:03:17','2020-12-18 10:14:00'),(104,53,66,9,'1996-05-23 05:05:06','2020-07-24 23:01:06'),(105,126,2,7,'1980-03-26 10:36:53','2000-04-18 01:49:38'),(106,187,95,3,'1994-08-15 09:51:58','2002-07-18 21:59:27'),(107,163,94,2,'1999-06-22 14:27:02','2020-12-18 10:14:00'),(108,199,70,10,'2015-12-15 19:35:04','2020-12-18 10:14:00'),(109,31,47,10,'1975-07-20 00:26:22','1985-12-21 10:59:59'),(110,64,30,10,'1991-11-18 09:44:36','2015-08-27 03:44:09'),(111,81,30,9,'2020-09-01 03:30:28','2020-12-18 10:14:00'),(112,34,65,10,'2003-06-19 02:22:15','2007-03-12 06:11:23'),(113,115,83,1,'2005-11-06 04:04:48','2020-12-18 10:14:00'),(114,62,61,5,'1995-03-22 20:02:29','2020-12-18 10:14:00'),(115,106,53,1,'1971-01-05 01:29:00','1999-03-01 05:03:35'),(116,169,3,5,'1987-11-13 20:47:07','2004-06-04 00:40:14'),(117,35,57,7,'1997-05-22 10:33:50','2020-12-18 10:14:00'),(118,144,55,4,'1983-04-15 13:45:36','1988-09-23 20:45:00'),(119,199,98,7,'2010-06-21 23:42:53','2014-04-07 14:21:34'),(120,40,63,8,'1997-08-10 05:45:58','2017-03-23 20:12:54'),(121,200,14,4,'1990-03-02 19:29:38','2020-12-18 10:14:00'),(122,114,82,8,'2016-07-09 21:52:19','2020-12-18 10:14:00'),(123,14,57,7,'1992-04-05 14:53:05','2020-12-18 10:14:00'),(124,103,23,3,'1978-01-08 16:37:31','2020-12-18 10:14:00'),(125,6,83,5,'2002-06-01 18:22:25','2020-12-18 10:14:00'),(126,103,44,0,'2001-03-21 08:57:27','2020-12-18 10:14:00'),(127,26,69,5,'1978-05-08 15:19:21','2020-12-18 10:14:00'),(128,16,70,7,'1987-10-18 13:58:47','1994-02-16 21:16:38'),(129,101,39,6,'1994-12-27 04:02:33','2020-12-18 10:14:00'),(130,61,4,5,'1999-02-07 06:45:16','2020-12-18 10:14:00'),(131,183,15,7,'2012-12-06 04:44:51','2020-03-13 10:43:25'),(132,12,9,5,'1979-06-06 00:21:25','2002-02-21 22:44:39'),(133,143,78,9,'1996-09-23 15:35:26','2020-12-18 10:14:00'),(134,126,71,3,'2018-09-25 19:19:10','2020-12-18 10:14:00'),(135,151,83,3,'1990-04-10 21:59:15','1997-10-09 11:40:29'),(136,66,76,0,'2015-11-16 14:39:42','2020-12-18 10:14:00'),(137,192,90,1,'1980-08-17 04:18:49','2009-12-29 22:18:20'),(138,113,3,10,'2014-07-15 17:56:11','2020-12-18 10:14:00'),(139,91,8,0,'2012-04-15 11:22:35','2013-04-27 04:26:43'),(140,50,49,5,'1999-10-23 21:44:25','2005-08-01 14:49:32'),(141,180,77,8,'2017-01-06 20:11:17','2020-12-18 10:14:00'),(142,183,3,9,'1984-08-15 17:56:37','1998-12-12 10:25:42'),(143,89,99,4,'1972-07-30 09:30:14','2012-12-30 09:36:54'),(144,145,95,10,'2004-03-16 02:24:51','2018-06-23 10:34:06'),(145,75,3,8,'1992-09-22 23:40:54','2016-07-17 10:04:44'),(146,196,29,9,'2007-01-11 20:10:35','2020-12-18 10:14:00'),(147,34,4,8,'1995-06-19 07:15:23','2020-12-18 10:14:00'),(148,74,89,0,'2005-07-07 11:54:28','2018-07-07 06:23:17'),(149,162,100,0,'1971-11-12 19:08:47','2009-06-17 09:46:42'),(150,118,57,6,'1985-12-26 02:50:12','2020-12-18 10:14:00'),(151,165,92,8,'1985-03-24 21:46:48','2020-12-18 10:14:00'),(152,63,79,1,'1996-02-07 18:27:00','2020-12-18 10:14:00'),(153,162,88,5,'2009-10-09 06:44:18','2020-12-18 10:14:00'),(154,162,26,9,'1999-06-24 01:10:39','2020-12-18 10:14:00'),(155,189,6,0,'1972-07-01 04:15:26','1983-02-02 21:01:05'),(156,149,85,6,'1971-08-08 15:47:26','2006-06-20 11:04:52'),(157,164,66,2,'2017-03-31 11:01:30','2020-12-18 10:14:00'),(158,174,27,6,'1991-02-04 22:08:38','2020-12-18 10:14:00'),(159,129,59,2,'2002-05-10 23:09:40','2020-12-18 10:14:00'),(160,42,2,5,'2001-07-02 11:32:50','2003-08-16 12:34:51'),(161,123,19,5,'1994-11-27 08:01:52','2020-12-18 10:14:00'),(162,61,79,2,'2005-04-24 09:13:58','2006-11-22 09:17:37'),(163,45,68,7,'1993-01-11 13:54:27','2020-05-08 19:10:12'),(164,133,4,1,'1978-09-10 19:26:20','1987-11-15 05:15:28'),(165,134,25,5,'1975-09-26 18:53:04','2005-11-04 18:07:02'),(166,120,50,0,'1970-09-29 05:52:38','1990-05-07 00:24:05'),(167,33,91,7,'1981-12-16 06:41:42','2020-12-18 10:14:00'),(168,55,97,2,'1999-01-24 03:32:28','2020-12-18 10:14:00'),(169,157,9,9,'1984-03-09 07:26:37','2017-12-08 03:14:21'),(170,46,73,6,'1993-07-11 01:15:15','2007-10-09 22:55:01'),(171,29,97,3,'2020-06-17 23:05:15','2020-12-18 10:14:00'),(172,114,97,4,'2003-03-31 04:59:17','2020-12-18 10:14:00'),(173,124,44,5,'1982-07-02 15:23:56','2011-03-23 17:11:58'),(174,45,27,3,'1977-05-15 18:04:22','1988-11-22 15:57:15'),(175,5,44,3,'1991-01-18 23:46:58','2020-12-18 10:14:00'),(176,56,64,0,'2004-08-23 10:23:10','2020-12-18 10:14:00'),(177,125,58,6,'1995-12-15 06:22:56','2013-03-30 21:44:58'),(178,84,85,1,'1984-09-01 03:26:18','2003-04-26 06:21:31'),(179,51,9,4,'1983-12-27 19:27:12','2020-12-18 10:14:00'),(180,176,92,4,'1999-02-18 13:16:03','2002-12-07 10:22:26'),(181,67,48,7,'1999-09-12 12:08:13','2020-12-18 10:14:00'),(182,83,50,3,'2010-08-10 11:28:45','2011-07-16 08:49:52'),(183,77,69,6,'2007-09-03 05:09:17','2020-12-18 10:14:00'),(184,93,17,3,'2004-01-02 01:20:12','2020-12-18 10:14:00'),(185,155,69,4,'2008-01-07 16:26:03','2020-12-18 10:14:00'),(186,179,92,0,'2002-11-09 15:24:31','2020-12-18 10:14:00'),(187,131,46,6,'2019-06-11 04:18:36','2020-12-18 10:14:00'),(188,176,28,5,'1980-01-16 06:02:53','1998-02-08 18:23:25'),(189,179,11,10,'1971-02-12 03:57:18','1998-04-16 11:21:50'),(190,107,92,8,'1997-05-19 11:41:39','2017-06-19 21:28:48'),(191,107,81,10,'1981-11-03 23:33:48','2020-12-18 10:14:00'),(192,110,16,6,'1989-05-21 09:45:13','2003-02-02 20:40:48'),(193,78,97,3,'2013-09-21 11:19:49','2020-12-18 10:14:00'),(194,200,64,4,'2020-10-19 19:10:31','2020-12-18 10:14:00'),(195,10,88,3,'1976-01-13 09:33:32','1976-06-19 16:38:13'),(196,112,38,3,'1975-08-18 15:43:50','1998-06-09 19:45:40'),(197,71,98,1,'1990-01-05 23:33:21','2020-12-18 10:14:00'),(198,175,74,1,'1993-04-23 13:06:31','2018-07-08 08:52:59'),(199,132,34,6,'2006-07-09 07:12:48','2009-03-21 08:09:20'),(200,181,44,9,'1971-10-05 04:47:07','2014-02-02 02:18:08'),(201,5,80,5,'2006-11-23 00:56:18','2020-12-18 10:14:00'),(202,70,68,6,'2002-04-27 06:30:02','2010-07-25 09:33:08'),(203,51,23,7,'1983-01-18 12:49:28','2020-12-18 10:14:00'),(204,189,15,4,'2018-05-09 15:26:34','2020-12-18 10:14:00'),(205,65,48,2,'1997-07-15 02:48:28','1998-06-15 00:15:19'),(206,12,86,0,'2002-11-21 14:57:23','2003-09-07 07:55:57'),(207,58,61,8,'1998-10-07 16:35:13','2015-11-26 08:45:16'),(208,3,68,8,'1999-01-25 13:11:51','2020-12-18 10:14:00'),(209,114,1,4,'2009-08-09 07:12:45','2009-12-10 05:22:31'),(210,63,62,1,'2018-06-21 23:36:36','2020-12-18 10:14:00'),(211,178,88,7,'1975-07-24 01:27:28','2009-06-01 04:02:52'),(212,200,25,0,'1979-09-12 05:31:04','1985-01-03 16:34:46'),(213,170,87,3,'1972-12-16 13:40:35','2001-11-25 18:15:22'),(214,196,51,1,'2003-08-24 08:36:06','2019-06-09 23:01:14'),(215,41,89,1,'1991-01-25 14:29:20','1998-07-05 16:58:44'),(216,188,23,10,'2007-07-10 07:06:07','2011-12-14 02:51:16'),(217,136,29,6,'1975-08-14 18:53:33','2020-12-18 10:14:00'),(218,180,94,0,'1975-10-11 08:38:59','1998-08-14 02:28:05'),(219,102,85,1,'2014-08-07 22:11:07','2019-10-20 20:30:42'),(220,16,84,7,'1989-01-08 09:59:22','1991-12-27 04:44:20'),(221,64,14,9,'1974-09-29 12:13:51','2018-01-16 06:37:37'),(222,138,61,0,'1972-04-23 00:43:22','2011-01-17 04:18:10'),(223,148,70,6,'1979-12-09 10:59:23','2001-09-07 01:44:14'),(224,56,31,0,'1972-08-10 05:16:57','1984-05-17 23:21:52'),(225,142,60,9,'1980-09-06 23:35:57','2011-07-10 11:20:59'),(226,186,60,5,'1980-06-20 19:45:50','1984-02-23 10:42:34'),(227,94,93,7,'1997-09-23 19:38:48','2020-12-18 10:14:00'),(228,168,32,6,'1988-08-02 10:12:16','2018-03-22 13:47:14'),(229,159,82,8,'1996-11-19 14:10:13','2020-12-18 10:14:00'),(230,164,100,7,'1997-03-25 20:48:51','2009-04-02 05:16:01'),(231,140,76,0,'2020-02-29 10:46:56','2020-12-18 10:14:00'),(232,44,38,7,'1980-11-12 15:21:15','1996-09-13 04:00:47'),(233,8,12,8,'1981-04-30 12:19:21','1992-07-03 16:25:28'),(234,61,55,2,'1974-06-18 12:08:46','2010-03-25 10:52:59'),(235,192,39,3,'1992-02-23 05:11:07','2020-12-18 10:14:00'),(236,76,28,4,'2014-01-11 19:51:16','2020-12-18 10:14:00'),(237,103,7,2,'1972-01-19 04:10:54','2018-08-06 03:22:13'),(238,177,26,1,'1999-02-01 01:05:35','2020-12-18 10:14:00'),(239,153,17,10,'2001-10-02 21:23:53','2008-03-28 22:58:07'),(240,113,48,5,'1989-06-21 19:47:33','2020-12-18 10:14:00'),(241,151,49,1,'2009-02-22 19:00:57','2020-12-18 10:14:00'),(242,14,23,3,'2006-05-01 19:00:12','2020-12-18 10:14:00'),(243,82,91,10,'2019-01-25 11:38:58','2020-12-18 10:14:00'),(244,108,20,1,'2011-10-28 14:28:44','2017-10-13 21:18:48'),(245,144,36,4,'2005-11-01 18:50:38','2020-12-18 10:14:00'),(246,39,42,9,'2007-06-02 08:36:21','2020-12-18 10:14:00'),(247,23,41,2,'1999-05-31 04:41:49','2020-12-18 10:14:00'),(248,158,16,5,'2008-10-24 00:06:25','2016-01-08 18:17:53'),(249,105,10,10,'1993-10-09 21:05:01','2020-12-18 10:14:00'),(250,140,49,8,'1973-05-04 19:38:56','2017-03-22 21:48:38'),(251,95,8,3,'1987-08-18 06:06:21','2008-04-25 18:49:24'),(252,152,99,7,'1991-12-09 17:12:16','2020-12-18 10:14:00'),(253,28,65,4,'1996-02-18 17:45:03','2005-10-23 09:06:59'),(254,49,90,6,'1971-10-08 12:22:58','2016-12-13 09:08:51'),(255,161,81,7,'1999-06-20 03:48:46','2001-05-22 04:13:06'),(256,75,56,5,'1998-05-06 18:44:01','2009-05-20 06:03:47'),(257,58,44,1,'2014-12-19 13:53:29','2020-12-18 10:14:00'),(258,156,70,9,'2008-11-26 08:59:51','2020-12-18 10:14:00'),(259,69,32,4,'1986-02-17 07:12:47','2020-12-18 10:14:00'),(260,179,6,7,'1980-01-28 05:28:25','1987-11-20 22:21:42'),(261,135,9,9,'2012-01-08 04:16:00','2013-09-10 23:01:34'),(262,95,79,8,'1983-10-23 23:18:52','2020-12-18 10:14:00'),(263,99,27,3,'1972-12-09 22:38:49','2020-12-18 10:14:00'),(264,188,2,9,'2002-05-29 02:35:23','2020-12-18 10:14:00'),(265,72,64,2,'1983-03-30 20:09:10','2020-12-18 10:14:00'),(266,100,83,6,'2015-12-25 11:38:48','2020-12-18 10:14:00'),(267,142,26,6,'2014-06-10 16:34:01','2020-12-18 10:14:00'),(268,164,85,0,'1995-02-18 20:00:11','2018-07-12 06:12:10'),(269,180,6,4,'1974-09-04 18:49:50','2020-05-08 10:28:31'),(270,149,71,0,'2004-03-19 09:25:34','2019-09-28 19:06:49'),(271,173,12,4,'1973-06-16 06:47:33','1985-12-12 03:29:38'),(272,52,15,0,'1995-12-26 18:12:11','2020-12-18 10:14:00'),(273,111,4,0,'1974-12-09 22:06:12','1997-09-07 08:05:58'),(274,169,90,10,'1972-05-31 04:13:39','2008-06-14 20:25:05'),(275,71,74,7,'1996-10-18 08:05:31','2007-04-28 02:39:39'),(276,191,3,1,'1986-10-13 20:50:58','2007-10-17 06:53:05'),(277,164,43,2,'1999-06-21 05:17:50','2020-12-18 10:14:00'),(278,163,31,3,'2020-08-11 11:50:10','2020-12-18 10:14:00'),(279,138,76,6,'1999-02-23 10:30:42','2005-09-05 00:29:19'),(280,65,5,5,'2002-09-30 22:07:39','2020-12-18 10:14:00'),(281,78,83,5,'1970-08-17 01:24:10','1995-01-15 21:18:20'),(282,175,10,7,'1988-06-27 04:02:37','1997-01-10 08:23:40'),(283,16,69,4,'1976-01-18 01:56:57','1996-07-08 18:00:45'),(284,188,98,3,'1983-02-13 06:17:22','1989-03-14 20:34:37'),(285,150,69,10,'2005-01-12 09:06:59','2013-07-10 19:42:32'),(286,136,62,9,'2003-02-06 00:52:15','2020-12-18 10:14:00'),(287,159,94,7,'1995-07-10 11:16:54','2020-12-18 10:14:00'),(288,153,35,3,'1993-04-16 06:00:36','2020-12-18 10:14:00'),(289,195,61,6,'1971-07-09 17:47:19','2009-10-11 07:37:14'),(290,48,33,8,'1977-07-28 14:11:56','1998-08-23 15:55:45'),(291,68,20,3,'1986-02-18 02:52:07','2002-03-02 12:31:13'),(292,70,16,0,'2013-02-12 02:07:32','2020-12-18 10:14:00'),(293,124,17,5,'1991-10-22 09:27:53','2002-10-31 17:17:38'),(294,93,31,0,'2017-09-03 02:59:56','2020-12-18 10:14:00'),(295,183,79,8,'1976-03-02 14:34:21','2002-12-28 22:48:44'),(296,70,30,1,'1995-06-12 13:38:51','2003-03-03 02:29:04'),(297,123,22,10,'1978-01-19 00:33:52','1993-09-28 16:01:05'),(298,79,70,7,'1991-08-08 07:19:23','2020-12-18 10:14:00'),(299,182,34,5,'1991-02-06 21:20:05','2014-06-07 13:11:59'),(300,134,66,3,'1988-04-11 18:52:03','2020-12-18 10:14:00'),(301,3,35,8,'1975-07-23 16:11:11','2017-01-11 11:36:46'),(302,54,81,8,'1985-02-08 18:35:31','2020-12-18 10:14:00'),(303,57,3,4,'2006-09-29 07:00:42','2009-11-30 06:16:15'),(304,31,26,8,'2006-01-06 15:32:23','2018-10-28 18:06:43'),(305,127,40,9,'1993-05-13 11:49:12','2020-12-18 10:14:00'),(306,116,98,5,'2005-03-21 11:20:34','2020-12-18 10:14:00'),(307,117,93,4,'1973-05-08 16:34:13','1976-09-16 23:51:39'),(308,26,20,2,'2004-05-31 11:31:20','2019-03-10 00:00:15'),(309,18,60,1,'1990-10-25 17:51:37','2012-06-18 15:41:43'),(310,101,1,7,'1989-09-22 06:10:59','2020-12-18 10:14:00'),(311,77,86,10,'1987-06-18 01:37:02','2018-12-03 04:21:17'),(312,61,100,3,'1996-11-03 07:58:34','2008-11-04 01:48:08'),(313,14,70,1,'1985-08-16 05:59:15','1999-03-27 01:16:20'),(314,137,98,10,'2009-07-13 16:53:29','2020-12-18 10:14:00'),(315,5,36,9,'1992-04-28 01:31:13','2020-12-18 10:14:00'),(316,128,4,3,'1998-09-30 17:01:37','2008-04-24 14:03:57'),(317,140,91,8,'1994-01-01 04:56:15','2002-09-30 22:52:16'),(318,168,99,10,'1982-06-17 05:57:47','2008-10-17 10:09:43'),(319,187,100,8,'1980-03-24 16:02:31','1987-08-29 03:56:10'),(320,47,57,10,'1996-05-27 19:24:38','2020-12-18 10:14:00'),(321,77,81,5,'2001-09-05 17:56:44','2019-11-01 11:45:40'),(322,108,97,7,'1993-04-07 08:43:41','2020-12-18 10:14:00'),(323,148,67,8,'1984-07-21 04:48:24','1986-11-22 20:39:04'),(324,33,83,10,'2002-12-21 07:28:57','2020-12-18 10:14:00'),(325,53,67,5,'1978-10-29 00:46:31','1987-09-13 21:08:46'),(326,166,65,6,'1994-01-30 11:54:59','2013-08-23 21:29:45'),(327,104,13,3,'2000-08-13 00:26:55','2020-12-18 10:14:00'),(328,128,59,1,'1983-11-21 08:24:57','1987-07-21 04:26:10'),(329,165,33,2,'2020-12-14 02:16:15','2020-12-18 10:14:00'),(330,113,85,4,'1992-08-15 13:06:25','2005-07-04 09:36:56'),(331,136,20,10,'2006-06-18 13:12:27','2020-12-18 10:14:00'),(332,176,38,9,'1971-01-26 05:57:53','1984-10-03 10:41:14'),(333,21,72,8,'1972-02-29 10:38:29','1991-01-02 16:22:39'),(334,72,4,7,'2010-01-30 01:20:35','2020-12-18 10:14:00'),(335,142,59,4,'2018-09-13 19:49:21','2020-12-18 10:14:00'),(336,121,9,8,'2001-04-02 15:58:32','2020-12-18 10:14:00'),(337,80,15,7,'2016-11-19 20:29:10','2020-12-18 10:14:00'),(338,11,14,8,'1990-09-03 01:23:42','2020-12-18 10:14:00'),(339,163,22,6,'1986-05-12 11:07:21','1989-10-17 03:32:24'),(340,192,8,10,'2005-12-27 14:29:48','2020-12-18 10:14:00'),(341,177,79,10,'2006-01-12 12:22:33','2020-12-18 10:14:00'),(342,144,40,1,'1993-09-08 13:44:24','2020-12-18 10:14:00'),(343,183,36,9,'2004-11-15 14:29:50','2012-01-24 09:26:46'),(344,197,74,3,'1998-04-15 03:41:51','2020-12-18 10:14:00'),(345,137,55,3,'1987-02-13 02:26:46','1992-09-30 11:52:18'),(346,116,36,0,'2005-06-10 04:42:01','2006-08-27 03:10:13'),(347,149,46,1,'2004-04-09 13:57:24','2020-12-18 10:14:00'),(348,147,85,0,'2010-04-05 21:53:55','2017-03-20 04:31:37'),(349,35,9,1,'1977-10-18 15:06:45','2005-09-25 17:38:39'),(350,177,89,5,'1983-10-13 14:13:08','2020-12-18 10:14:00'),(351,136,49,5,'2008-06-15 08:05:42','2020-12-18 10:14:00'),(352,195,8,0,'2002-08-11 22:32:06','2011-01-13 12:00:51'),(353,127,3,7,'2008-02-14 18:43:25','2020-12-18 10:14:00'),(354,42,45,9,'1997-07-17 15:28:19','2020-12-18 10:14:00'),(355,48,17,8,'1997-06-01 23:57:34','2012-04-18 10:36:33'),(356,104,12,0,'2018-10-05 07:19:21','2020-12-18 10:14:00'),(357,191,24,2,'1979-10-17 02:41:01','2016-11-21 08:57:22'),(358,104,87,4,'1993-12-07 07:13:34','2011-04-02 12:24:49'),(359,119,50,8,'1976-02-13 09:08:20','2008-06-23 18:46:32'),(360,120,28,8,'1998-12-16 22:26:08','2020-12-18 10:14:00'),(361,9,18,1,'1999-09-16 21:11:20','2010-01-18 23:34:34'),(362,127,79,3,'2006-02-12 02:17:19','2019-03-27 09:33:44'),(363,126,37,10,'2003-10-04 19:30:46','2006-12-13 19:29:06'),(364,127,80,0,'1987-10-03 07:37:42','2006-09-27 09:26:55'),(365,90,52,6,'1995-01-15 23:26:09','2020-12-18 10:14:00'),(366,136,13,8,'2016-01-01 18:12:57','2020-12-18 10:14:00'),(367,1,65,7,'1974-09-22 22:15:49','2016-06-17 20:14:16'),(368,40,64,6,'2000-11-07 16:48:39','2020-12-18 10:14:00'),(369,135,41,10,'2004-02-15 17:02:20','2020-12-18 10:14:00'),(370,16,92,6,'1975-03-16 20:24:51','2019-11-05 00:30:38'),(371,115,60,10,'2014-07-09 04:58:48','2020-12-18 10:14:00'),(372,7,53,10,'2008-09-04 05:39:36','2020-12-18 10:14:00'),(373,167,55,9,'2009-06-13 16:20:20','2020-12-18 10:14:00'),(374,78,43,3,'2005-03-23 03:46:56','2020-12-18 10:14:00'),(375,9,99,2,'2006-12-19 23:23:48','2020-12-18 10:14:00'),(376,141,9,10,'1972-02-23 15:25:11','1988-03-18 21:22:54'),(377,32,34,2,'2008-07-24 00:55:19','2020-12-18 10:14:00'),(378,174,79,10,'2006-03-04 18:18:49','2020-12-18 10:14:00'),(379,140,50,1,'1984-04-30 05:26:17','2020-12-18 10:14:00'),(380,117,15,0,'1996-12-12 10:24:21','2020-12-18 10:14:00'),(381,3,27,0,'1973-03-04 19:46:32','1975-01-27 23:51:55'),(382,55,2,3,'1976-11-15 10:05:22','1987-12-04 09:55:18'),(383,183,48,5,'2003-12-17 00:43:48','2020-12-18 10:14:00'),(384,130,59,8,'1990-11-02 07:53:55','1997-10-22 15:16:58'),(385,176,73,0,'1980-03-04 02:00:12','2019-05-05 19:19:40'),(386,100,46,1,'1984-11-20 03:21:54','2008-09-12 16:09:38'),(387,65,53,9,'1990-07-26 22:58:50','2020-12-18 10:14:00'),(388,196,16,10,'1983-01-21 01:57:52','2020-12-18 10:14:00'),(389,15,37,4,'1992-11-03 14:30:57','2015-08-23 16:37:36'),(390,117,12,9,'1988-08-10 14:08:02','2020-12-18 10:14:00'),(391,71,29,10,'2002-12-28 00:18:16','2020-12-18 10:14:00'),(392,40,51,5,'2012-12-22 12:05:06','2020-12-18 10:14:00'),(393,124,7,5,'1983-05-15 00:36:08','1992-08-13 17:28:36'),(394,59,32,5,'1970-03-14 14:03:45','1993-05-28 00:41:36'),(395,112,88,8,'1985-03-23 13:35:25','2006-05-31 13:56:02'),(396,93,57,8,'1993-04-06 12:25:34','1994-01-15 14:51:56'),(397,28,74,2,'1985-05-01 03:35:11','2020-12-18 10:14:00'),(398,117,5,1,'1976-01-29 15:34:46','2008-02-04 08:22:17'),(399,42,24,9,'1971-12-31 06:22:21','2016-10-14 22:58:43'),(400,127,9,3,'1978-08-10 00:52:08','1985-07-10 11:02:50'),(401,193,13,10,'2020-02-09 04:39:07','2020-12-18 10:14:00'),(402,109,29,8,'1995-02-11 20:43:43','2017-12-20 19:01:37'),(403,131,53,3,'2015-06-17 11:56:53','2020-05-30 01:17:57'),(404,88,73,9,'1992-04-28 21:30:19','2000-11-29 12:33:01'),(405,178,2,9,'1997-10-11 19:20:19','2020-12-18 10:14:00'),(406,168,25,10,'2014-06-19 04:23:48','2020-12-18 10:14:00'),(407,60,4,1,'1974-08-23 17:21:00','2013-06-15 06:33:29'),(408,151,92,1,'2007-08-24 01:04:36','2020-12-18 10:14:00'),(409,19,5,6,'1999-03-13 23:45:33','2020-12-18 10:14:00'),(410,47,66,2,'2016-08-15 15:39:16','2020-12-18 10:14:00'),(411,184,70,1,'1988-11-09 00:39:02','2020-12-18 10:14:00'),(412,45,6,2,'2000-12-11 21:45:50','2020-12-18 10:14:00'),(413,87,81,10,'1974-12-13 08:48:02','1985-07-01 14:50:06'),(414,21,65,10,'2006-10-11 01:20:55','2006-11-17 02:18:07'),(415,8,74,4,'1998-05-04 15:27:06','2019-05-02 06:05:05'),(416,147,100,10,'2013-06-24 06:14:32','2020-12-18 10:14:00'),(417,173,28,3,'1978-01-10 05:36:22','2003-02-25 16:22:58'),(418,57,52,5,'1975-03-19 18:17:39','2020-12-18 10:14:00'),(419,159,72,3,'2016-05-15 09:33:00','2020-12-18 10:14:00'),(420,48,69,2,'2000-01-30 14:38:15','2014-03-11 04:20:12'),(421,147,8,4,'1990-12-22 17:03:06','2020-12-18 10:14:00'),(422,186,3,3,'2016-06-15 12:51:41','2020-12-18 10:14:00'),(423,22,68,3,'1995-05-01 21:37:40','2020-12-18 10:14:00'),(424,190,21,8,'1974-11-13 05:49:24','2015-08-03 15:21:11'),(425,145,18,6,'2010-02-28 01:12:58','2020-12-18 10:14:00'),(426,171,65,2,'1997-08-28 15:04:11','2020-12-18 10:14:00'),(427,175,8,7,'1978-08-10 03:58:03','2011-02-21 13:34:16'),(428,140,31,2,'1973-11-09 09:13:47','2006-07-16 16:30:54'),(429,177,80,4,'2012-08-30 21:39:49','2020-12-18 10:14:00'),(430,190,93,7,'1979-03-18 07:47:35','2020-12-18 10:14:00'),(431,107,68,2,'2004-06-17 21:22:42','2020-12-18 10:14:00'),(432,185,40,8,'1978-07-24 17:22:17','2020-12-18 10:14:00'),(433,191,21,6,'2008-03-27 15:30:56','2017-04-23 14:39:22'),(434,183,75,1,'1987-08-24 21:54:52','2020-12-18 10:14:00'),(435,184,16,3,'2017-02-04 00:29:40','2020-12-18 10:14:00'),(436,87,65,2,'1992-08-17 08:59:11','1998-08-02 10:48:51'),(437,46,36,5,'2005-01-01 13:35:06','2020-12-18 10:14:00'),(438,136,34,7,'1970-02-03 07:16:14','2009-05-16 18:13:07'),(439,7,63,3,'1984-04-01 08:36:33','2017-12-21 06:16:17'),(440,109,76,1,'2020-05-01 03:35:31','2020-12-18 10:14:00'),(441,161,40,7,'1978-09-11 11:14:32','2020-12-18 10:14:00'),(442,80,68,6,'1993-03-17 17:51:07','2017-11-10 13:48:03'),(443,95,10,4,'1978-12-04 06:33:24','1997-08-14 20:35:25'),(444,197,36,9,'2017-11-29 21:22:35','2020-12-18 10:14:00'),(445,179,94,8,'2004-05-06 08:29:16','2020-12-18 10:14:00'),(446,56,43,10,'1983-01-18 13:49:17','1995-10-03 11:51:04'),(447,123,20,0,'1971-12-20 01:22:55','2019-04-24 19:49:18'),(448,165,57,1,'1986-04-06 21:21:38','2020-12-18 10:14:00'),(449,80,74,6,'1975-12-27 03:17:09','1984-02-17 03:00:25'),(450,63,32,9,'1999-09-28 19:50:14','2015-04-19 03:04:17'),(451,178,75,3,'2005-06-23 11:22:49','2020-12-18 10:14:00'),(452,193,12,9,'2012-02-25 16:32:16','2020-12-18 10:14:00'),(453,21,65,6,'2001-04-22 01:55:26','2010-11-02 18:12:54'),(454,92,14,0,'2020-02-19 05:29:55','2020-12-18 10:14:00'),(455,54,100,4,'2011-08-22 23:16:42','2020-12-18 10:14:00'),(456,179,7,4,'2000-03-25 19:58:37','2017-12-05 06:54:00'),(457,80,29,3,'2019-04-02 06:08:08','2020-12-18 10:14:00'),(458,150,87,4,'2020-07-20 07:44:54','2020-12-18 10:14:00'),(459,77,74,6,'1993-10-31 05:44:43','2010-07-12 02:02:02'),(460,45,28,3,'1990-02-19 19:10:21','2020-12-18 10:14:00'),(461,133,50,9,'2007-08-07 03:03:44','2020-12-18 10:14:00'),(462,140,28,0,'1971-05-07 17:04:03','2007-01-22 01:29:57'),(463,139,53,1,'1975-07-31 13:56:41','2012-08-28 09:04:37'),(464,169,9,10,'2002-05-05 03:37:51','2012-01-01 10:30:26'),(465,53,16,3,'1980-07-09 01:43:21','2020-12-18 10:14:00'),(466,81,16,9,'2015-10-07 17:17:08','2020-12-18 10:14:00'),(467,181,37,5,'2002-08-21 17:57:32','2020-12-18 10:14:00'),(468,55,1,2,'2020-02-11 03:45:20','2020-12-18 10:14:00'),(469,2,73,10,'1976-10-05 23:32:36','1979-06-12 17:04:28'),(470,28,28,7,'1978-01-13 00:18:36','1998-11-12 18:17:54'),(471,146,3,1,'2008-02-11 05:16:32','2020-12-18 10:14:00'),(472,69,13,1,'1988-05-04 07:49:16','1994-07-07 17:41:22'),(473,64,10,9,'1970-01-14 07:15:18','1993-08-06 13:28:23'),(474,198,70,8,'1996-12-25 13:42:58','2020-12-18 10:14:00'),(475,165,22,8,'1973-07-02 02:54:13','2014-01-04 11:37:05'),(476,195,49,5,'2005-08-17 19:37:45','2009-09-01 01:39:23'),(477,142,67,9,'1998-08-12 19:15:02','2015-08-12 16:04:27'),(478,154,41,3,'2005-01-07 10:29:17','2020-12-18 10:14:00'),(479,39,62,5,'1972-10-07 05:03:47','2002-04-22 18:10:24'),(480,98,46,3,'1973-11-18 07:03:39','1977-01-16 09:05:44'),(481,154,90,1,'2013-07-18 20:03:41','2020-12-18 10:14:00'),(482,122,68,1,'1975-07-29 08:50:27','1998-10-30 00:10:37'),(483,52,88,7,'2005-03-17 21:55:26','2020-12-18 10:14:00'),(484,136,27,10,'1972-07-18 03:40:21','1974-02-19 10:50:40'),(485,121,82,1,'1979-12-08 23:57:58','1995-07-16 09:03:30'),(486,108,34,0,'1987-03-30 00:39:00','2015-10-07 08:37:12'),(487,169,89,8,'1978-08-20 21:07:23','2020-12-18 10:14:00'),(488,91,17,8,'1989-11-08 03:07:45','2010-03-27 02:52:09'),(489,195,45,1,'1993-07-18 09:45:05','2020-12-18 10:14:00'),(490,172,80,7,'1983-12-02 00:56:56','2020-12-18 10:14:00'),(491,132,83,1,'1974-08-15 14:07:39','1978-08-18 21:33:16'),(492,57,37,6,'1974-08-14 23:32:56','2020-12-18 10:14:00'),(493,100,6,6,'2020-11-24 02:59:27','2020-12-18 10:14:00'),(494,154,70,8,'2019-10-28 18:50:22','2020-12-18 10:14:00'),(495,133,26,10,'1999-04-27 22:36:19','2005-08-29 13:47:55'),(496,30,44,5,'2015-03-26 02:14:45','2020-12-18 10:14:00'),(497,30,76,1,'1971-08-12 16:41:32','1972-02-23 10:16:53'),(498,21,41,0,'2019-02-02 21:14:39','2020-12-18 10:14:00'),(499,127,78,7,'1979-12-27 01:44:21','1993-05-21 16:20:44'),(500,134,24,4,'1992-12-25 13:40:58','2016-11-03 07:02:12'),(501,119,21,2,'2001-11-20 04:15:23','2020-12-18 10:14:00'),(502,114,44,7,'2020-03-17 13:07:36','2020-12-18 10:14:00'),(503,19,3,2,'1988-03-03 18:55:00','1991-02-16 21:26:39'),(504,121,7,8,'1990-05-11 03:20:33','2020-12-18 10:14:00'),(505,94,47,0,'1970-05-28 16:49:27','1978-11-04 12:29:51'),(506,173,13,1,'1990-10-26 10:46:34','1995-03-09 06:14:21'),(507,59,15,6,'1988-11-02 17:29:24','2020-12-18 10:14:00'),(508,97,79,10,'2010-07-28 22:22:41','2020-12-18 10:14:00'),(509,41,25,6,'2016-04-26 16:52:33','2020-12-18 10:14:00'),(510,97,87,8,'1990-07-05 15:28:15','2020-12-18 10:14:00'),(511,101,64,6,'1980-08-19 23:03:16','2007-04-03 09:20:57'),(512,59,66,1,'1999-09-01 00:55:12','2020-12-18 10:14:00'),(513,78,40,2,'2013-03-19 21:49:29','2020-12-18 10:14:00'),(514,12,2,3,'2007-11-12 04:31:39','2020-12-18 10:14:00'),(515,36,73,4,'1971-09-23 01:27:17','2014-05-14 18:02:33'),(516,51,77,5,'2009-12-19 09:50:04','2020-12-18 10:14:00'),(517,188,83,6,'1974-11-27 15:57:04','1997-08-27 23:32:51'),(518,42,3,3,'1974-01-03 14:56:21','1975-10-12 05:10:14'),(519,169,81,3,'1974-05-03 22:53:31','1995-02-14 17:14:14'),(520,20,31,3,'1974-09-23 23:34:27','1985-07-11 13:34:45'),(521,55,97,8,'1999-05-11 18:43:32','2020-12-18 10:14:00'),(522,86,57,0,'1994-11-26 05:17:38','1998-07-03 19:39:28'),(523,22,92,2,'2006-10-20 05:14:19','2010-04-07 20:37:50'),(524,70,31,0,'2003-09-11 19:55:19','2010-08-19 17:11:46'),(525,33,84,0,'1995-07-02 22:25:39','2020-12-18 10:14:00'),(526,35,67,7,'1970-11-11 15:55:24','1982-05-27 12:42:54'),(527,93,47,0,'2008-11-24 07:57:53','2011-06-16 13:53:11'),(528,64,86,3,'2011-08-21 09:42:41','2020-12-18 10:14:00'),(529,173,38,4,'2005-01-01 02:34:38','2014-07-31 04:34:11'),(530,174,4,10,'1991-10-07 20:58:55','2020-12-18 10:14:00'),(531,21,13,10,'2007-10-13 12:36:32','2008-01-09 13:47:00'),(532,162,4,6,'2000-06-12 00:32:38','2019-01-08 20:20:45'),(533,189,2,6,'1994-02-27 00:57:06','2018-08-29 08:48:09'),(534,14,79,8,'1974-03-29 00:26:51','2020-12-18 10:14:00'),(535,165,17,4,'2011-06-17 14:09:01','2020-12-18 10:14:00'),(536,19,10,4,'1979-11-07 20:05:55','2020-12-18 10:14:00'),(537,25,53,4,'1990-04-10 23:06:30','2010-01-10 22:15:59'),(538,131,24,5,'2001-04-19 12:04:38','2020-12-18 10:14:00'),(539,88,1,3,'2009-12-15 17:36:27','2020-12-18 10:14:00'),(540,109,60,1,'1988-02-15 17:49:48','2011-01-30 00:13:50'),(541,168,72,0,'2010-04-18 02:42:49','2015-07-27 15:08:41'),(542,54,30,6,'1995-04-11 12:41:11','2020-12-18 10:14:00'),(543,36,59,4,'1986-12-25 19:41:52','1996-10-03 05:19:08'),(544,31,4,9,'2010-01-31 12:27:21','2020-12-18 10:14:00'),(545,193,2,8,'1985-08-10 06:21:27','2020-12-18 10:14:00'),(546,15,7,6,'1981-02-05 19:54:05','2014-03-10 15:52:34'),(547,29,88,9,'2017-07-17 05:41:45','2020-12-18 10:14:00'),(548,21,9,6,'1977-08-17 18:15:43','1980-06-02 00:06:23'),(549,179,17,10,'2003-07-06 17:10:45','2020-12-18 10:14:00'),(550,175,72,1,'2006-09-11 10:24:30','2020-12-18 10:14:00'),(551,66,97,10,'2019-05-27 14:52:45','2020-12-18 10:14:00'),(552,162,46,6,'1984-07-05 16:59:13','2020-12-18 10:14:00'),(553,99,47,4,'2007-10-30 04:19:05','2020-12-18 10:14:00'),(554,137,93,4,'1987-02-16 13:53:04','2020-01-10 15:07:33'),(555,94,23,5,'2005-05-10 10:47:58','2016-06-22 05:50:56'),(556,106,31,6,'1982-11-29 14:31:26','1998-09-02 07:29:00'),(557,187,80,8,'1975-03-06 07:45:47','1992-10-26 06:25:03'),(558,121,12,3,'2020-06-05 19:40:06','2020-12-18 10:14:00'),(559,76,76,9,'2000-05-04 12:42:13','2020-12-18 10:14:00'),(560,30,35,4,'1974-03-09 01:13:02','2020-12-18 10:14:00'),(561,155,23,3,'1975-12-07 11:17:43','1998-08-26 08:35:31'),(562,82,92,9,'2004-01-27 17:05:27','2020-12-18 10:14:00'),(563,20,51,10,'1983-01-09 19:35:51','2015-10-31 20:40:57'),(564,200,100,3,'2004-07-19 20:07:18','2020-12-18 10:14:00'),(565,136,88,7,'2012-01-28 09:13:08','2020-12-18 10:14:00'),(566,142,1,2,'1997-09-24 21:24:31','2020-12-18 10:14:00'),(567,169,52,5,'1997-11-17 05:57:21','2001-05-09 20:16:07'),(568,92,34,5,'2010-07-27 04:23:08','2020-12-18 10:14:00'),(569,196,14,2,'1993-12-04 19:08:56','2020-12-18 10:14:00'),(570,52,45,8,'2008-03-26 00:06:26','2020-12-18 10:14:00'),(571,72,79,7,'2013-07-12 10:54:28','2020-12-18 10:14:00'),(572,149,30,0,'1989-10-31 21:42:51','2008-04-23 10:01:22'),(573,116,35,0,'1993-05-22 10:47:20','2010-02-21 23:34:22'),(574,82,96,8,'1984-06-26 13:21:23','2020-09-11 06:49:16'),(575,19,56,5,'1970-04-04 00:47:46','1971-01-21 19:27:55'),(576,61,87,7,'2004-04-15 13:50:40','2020-12-18 10:14:00'),(577,156,71,5,'2005-08-08 01:27:00','2020-12-18 10:14:00'),(578,156,88,3,'1992-03-10 00:09:16','2020-12-18 10:14:00'),(579,44,78,4,'1984-05-07 05:52:40','2016-10-10 16:07:43'),(580,174,90,0,'1981-11-25 00:14:29','1989-09-22 09:03:04'),(581,130,58,9,'2007-10-29 10:52:33','2020-12-18 10:14:00'),(582,180,49,4,'2019-11-15 07:58:32','2020-12-18 10:14:00'),(583,18,36,3,'2007-08-16 12:59:39','2020-12-18 10:14:00'),(584,165,7,4,'1974-05-02 14:24:24','2000-02-09 05:37:40'),(585,99,8,6,'1986-01-26 03:58:52','2019-07-09 02:37:58'),(586,101,86,5,'1986-10-20 16:09:53','1992-04-09 21:50:04'),(587,174,25,1,'1979-12-15 16:15:49','2020-12-18 10:14:00'),(588,30,45,10,'2012-03-29 08:07:58','2020-12-18 10:14:00'),(589,118,56,7,'2014-09-05 13:45:05','2020-12-18 10:14:00'),(590,81,69,10,'1972-12-26 08:51:47','2009-07-08 16:49:11'),(591,23,71,8,'1990-03-18 11:36:49','2020-12-18 10:14:00'),(592,110,89,6,'1977-02-27 11:34:37','1989-06-12 21:08:04'),(593,83,33,7,'2007-04-10 13:48:41','2020-12-18 10:14:00'),(594,153,63,1,'2009-10-19 19:43:38','2020-12-18 10:14:00'),(595,20,64,8,'2019-05-28 17:32:40','2020-12-18 10:14:00'),(596,105,75,8,'1975-07-04 01:37:53','1983-05-29 11:26:09'),(597,42,43,8,'1980-01-30 09:24:03','2009-11-17 14:18:47'),(598,47,30,4,'1974-01-07 01:47:57','2020-12-18 10:14:00'),(599,156,6,0,'1985-09-10 04:01:02','2020-12-18 10:14:00'),(600,72,28,2,'1992-12-23 01:10:12','2020-12-18 10:14:00');
/*!40000 ALTER TABLE `ratings` ENABLE KEYS */;
UNLOCK TABLES;

--
-- Table structure for table `reviews`
--

DROP TABLE IF EXISTS `reviews`;
/*!40101 SET @saved_cs_client     = @@character_set_client */;
/*!50503 SET character_set_client = utf8mb4 */;
CREATE TABLE `reviews` (
  `id` bigint unsigned NOT NULL AUTO_INCREMENT,
  `title_id` bigint unsigned DEFAULT NULL,
  `user_id` bigint unsigned DEFAULT NULL,
  `body` varchar(500) CHARACTER SET utf8 COLLATE utf8_unicode_ci NOT NULL,
  `is_positive` int DEFAULT '1',
  `created_at` timestamp NOT NULL DEFAULT CURRENT_TIMESTAMP,
  PRIMARY KEY (`id`),
  KEY `title_id` (`title_id`),
  KEY `user_id` (`user_id`),
  CONSTRAINT `reviews_ibfk_1` FOREIGN KEY (`title_id`) REFERENCES `titles` (`id`) ON UPDATE CASCADE,
  CONSTRAINT `reviews_ibfk_2` FOREIGN KEY (`user_id`) REFERENCES `users` (`id`) ON UPDATE CASCADE
) ENGINE=InnoDB AUTO_INCREMENT=201 DEFAULT CHARSET=utf8 COLLATE=utf8_unicode_ci;
/*!40101 SET character_set_client = @saved_cs_client */;

--
-- Dumping data for table `reviews`
--

LOCK TABLES `reviews` WRITE;
/*!40000 ALTER TABLE `reviews` DISABLE KEYS */;
INSERT INTO `reviews` VALUES (1,92,77,'Enim maxime quod qui est maiores perferendis mollitia. Quo atque molestias aspernatur. Consectetur laborum dolor corporis soluta.',1,'1995-05-09 11:31:57'),(2,152,18,'Et aut a et itaque. Eum nam aut exercitationem ut error aut.',0,'1985-11-22 20:11:41'),(3,50,66,'Id ut quod nihil sed est vel distinctio error. Laboriosam dolor aut quis in. Odio facilis repellendus dolores a esse.',0,'1973-12-12 05:34:59'),(4,173,22,'Aut est est laudantium sequi. Harum ducimus ea ut omnis. Ipsam quasi est aut eos.',1,'2015-06-18 05:20:25'),(5,98,61,'Qui deleniti a corporis. Consequatur illo fugit quae. Harum sit eligendi est hic aperiam placeat. Labore voluptatum voluptatibus totam deserunt quaerat eveniet quibusdam.',0,'2002-01-27 01:51:29'),(6,85,83,'Est soluta neque autem officiis nam. Culpa et cum tempora. Quod delectus quisquam exercitationem quidem autem ipsum.',1,'1975-05-03 02:49:31'),(7,9,70,'Eum non fugiat quam vitae. Consequatur odit sapiente sit tenetur. Molestias velit omnis corporis. Deserunt numquam libero nulla corporis ipsa est.',1,'1976-11-05 17:42:44'),(8,160,78,'Recusandae et molestiae ullam est. Quaerat debitis iste sint praesentium natus possimus. Consequatur molestiae occaecati non unde deleniti inventore sit.',0,'1998-08-08 06:18:09'),(9,33,71,'Sit veniam consequatur fuga nulla et saepe. Voluptate in consequatur qui quisquam nihil. Est sint deleniti dolorem mollitia ut pariatur omnis culpa. Ut deleniti dolor ab voluptas ipsa.',0,'2004-09-26 03:24:21'),(10,111,52,'Ad explicabo consequatur praesentium tenetur. Excepturi non sapiente similique quia quia inventore. Et et fugiat quo a sunt esse.',0,'2016-03-23 22:11:00'),(11,139,54,'Consequatur in quas soluta dolor enim velit sint corrupti. Rerum autem eos ipsum dolor. Quia non tempora sunt quaerat. Optio officia rerum rerum et quo iusto ut. Rerum et iure officiis.',0,'1995-11-17 22:10:41'),(12,120,23,'Minus modi ex non qui quidem odio. Praesentium exercitationem dolorem architecto eaque aliquid incidunt voluptate. Officiis dignissimos ut veritatis. Nemo nobis ut natus quia. Possimus dolorem quia nam rerum eaque.',1,'2000-07-20 14:15:44'),(13,41,96,'Ducimus expedita nihil voluptatem et voluptatem perspiciatis. Repellendus est incidunt aut ullam. Dolorem tenetur et atque et nihil.',1,'1989-12-26 09:12:48'),(14,9,63,'Deserunt rerum fugit voluptate corrupti earum. Aspernatur id ut ut ut deleniti exercitationem temporibus. Dolorem aliquam deserunt repellendus praesentium et explicabo. Sed voluptas numquam voluptates occaecati aliquid unde voluptate.',0,'1999-10-16 21:26:04'),(15,190,17,'Et temporibus quia non. Quae laudantium dignissimos quibusdam quis. Repellat sit eum magni. A et nemo in eveniet et dolor consequatur.',1,'1979-05-09 08:36:09'),(16,45,41,'Aut ut dolor fuga ut quam. Est nihil sed culpa magnam cupiditate in omnis. Totam nulla consequatur voluptas quia saepe qui. Qui vero quo et dolor sit et.',1,'1982-08-26 23:54:50'),(17,187,98,'Temporibus ipsa ut dolorem. Non omnis reiciendis accusamus fuga. Vero id sunt et corrupti hic sed.',0,'1997-05-16 08:05:17'),(18,116,18,'Architecto nesciunt dignissimos consequuntur. Voluptate a et est eius. Quos harum sit aut est.',1,'1984-08-29 18:46:06'),(19,127,45,'Quos quas eos voluptatem corrupti. Corporis assumenda voluptatem animi fuga ut. Deserunt ipsam saepe voluptas totam illum harum. Temporibus et hic velit et. Quo quo facilis est consequuntur culpa debitis fugiat.',0,'2011-11-26 05:40:05'),(20,80,12,'Maxime sunt debitis vero ut dolorum. Aut enim similique aut accusantium architecto sunt sequi odio. Repudiandae repudiandae sequi et harum amet. Omnis quia et nesciunt iste sint enim aut hic.',0,'1975-02-27 15:49:21'),(21,10,82,'Ipsum esse explicabo et. Magnam molestiae amet cumque sint cum eum. Ut et cupiditate aut soluta porro eos quisquam.',0,'1979-11-24 06:58:35'),(22,189,10,'Labore fugiat laborum et molestias magni unde voluptas. Possimus quaerat temporibus eaque doloribus non eum. Autem labore harum quam. Officia hic error magni aut quo.',1,'2016-12-31 19:51:07'),(23,102,74,'Voluptatem non aperiam qui temporibus illo nostrum. Suscipit et officia corrupti esse numquam error qui voluptate. Iure non eius officiis nam illum odio.',1,'2002-04-30 21:29:23'),(24,173,67,'Rerum dolorem aut odit officiis. Veniam quam labore sed eos officiis. Molestiae perspiciatis est aut vero nobis et ad. Corrupti doloribus molestias corrupti autem qui.',0,'2014-09-21 09:19:32'),(25,89,42,'Eos iusto nesciunt reprehenderit. Porro occaecati dicta delectus dolores aspernatur a suscipit recusandae. Voluptatibus quos quo sunt aut neque occaecati aut.',0,'1975-11-29 21:07:27'),(26,37,14,'Consequatur et ducimus quia expedita. Ullam commodi aut qui aliquam a ad. Veritatis expedita ipsum nobis ipsum architecto modi sit. Esse dolorem quia cum.',0,'2018-02-07 08:33:20'),(27,190,79,'Culpa enim nostrum vero adipisci quisquam maxime odit iusto. Recusandae quo error ratione et porro harum ratione. Cumque autem sit perspiciatis quidem.',0,'1970-10-01 07:41:04'),(28,73,15,'Dignissimos itaque ut sequi velit cumque tempore. Et reiciendis eius placeat. Voluptas explicabo cum recusandae occaecati.',0,'2019-05-26 15:32:34'),(29,148,41,'Ab sed libero facilis nesciunt quia nulla atque. Et vel eaque maxime deleniti et. Aut sapiente natus nobis non ut qui quae.',1,'1978-12-14 10:43:51'),(30,155,69,'Porro ad debitis molestiae aliquam et nemo. Repellendus et unde quo facilis. Similique dolore facere doloribus et optio ea. Quaerat aut placeat eum eaque praesentium.',1,'1983-05-26 05:12:22'),(31,115,100,'In nobis porro consequatur voluptatum et. Est quam hic aut dignissimos tempore ut. Dolores nobis sequi possimus dolores voluptatem veritatis quis. Consequatur nihil fuga aut voluptate provident sit dolor.',0,'1973-07-09 00:39:41'),(32,17,51,'Corrupti consequatur atque cumque porro enim illum. Et beatae cupiditate fugit sed enim.',1,'1979-05-05 22:36:37'),(33,196,67,'Numquam incidunt commodi dolores laboriosam optio pariatur quaerat. Expedita eum qui vel quia reprehenderit facilis quos. Nulla nisi ex sapiente velit qui dicta commodi.',0,'1991-06-08 09:55:58'),(34,137,61,'Et explicabo sit occaecati quia labore et et doloremque. Cumque perferendis repudiandae asperiores blanditiis odit. Voluptas nostrum laudantium deleniti quis. Animi quibusdam repellat magni unde dignissimos odio quasi.',0,'2019-07-21 03:35:13'),(35,21,8,'Vel quod eum asperiores ipsum. Atque eius voluptas mollitia eius est omnis doloremque voluptate. Voluptate velit magni temporibus quidem qui repellat. Quae esse veritatis quia.',0,'2015-10-11 09:01:56'),(36,146,15,'Perspiciatis minima tenetur eum ex praesentium voluptas autem. Sequi rem laborum at deleniti ipsam possimus itaque. Blanditiis vel voluptatem esse et. Libero quos cupiditate deserunt et quaerat.',0,'1971-06-22 13:49:39'),(37,179,68,'Sint ad voluptatum impedit nihil placeat eos. Tenetur perspiciatis sed corporis dolores tempora. Autem et praesentium in amet commodi. Voluptatem omnis laborum dolore maxime et et.',1,'1980-07-27 15:44:19'),(38,48,40,'Omnis reprehenderit ea aut quibusdam tempora voluptas repellendus. Asperiores dolor voluptates sunt tempore.',0,'1994-09-15 10:04:50'),(39,83,11,'Ut quis qui ratione suscipit aspernatur nihil. Quisquam magnam quia nobis nobis non. Iure non est expedita illo possimus ut. Accusantium officia et quaerat iusto autem eaque.',0,'1994-05-17 05:54:42'),(40,14,86,'Laudantium amet minus dignissimos voluptate labore. Et quis dolores mollitia et sapiente similique dolores. Vitae porro sapiente repudiandae quia sequi. Est dolor voluptatem fugit.',1,'2013-01-19 17:26:14'),(41,104,25,'Rerum commodi voluptatem in voluptatem. Distinctio necessitatibus inventore ratione consequatur velit.',1,'2006-09-24 11:46:19'),(42,197,47,'Suscipit molestiae ab voluptatem distinctio vitae. Saepe deserunt saepe aspernatur sequi et atque quia. Magni quia saepe expedita voluptas fugiat enim molestias. Voluptas molestiae non blanditiis in consequuntur quo.',1,'2017-01-21 14:57:56'),(43,6,35,'Et voluptatem sit ut. Nam ducimus repellat amet sint rerum voluptas dolorum error. Sint deleniti non soluta dolorum et aut. Ut et impedit et cupiditate odit et ut. Veniam facilis aut ducimus ab amet.',0,'1971-06-13 01:05:11'),(44,123,77,'Labore blanditiis suscipit deserunt saepe nemo molestias commodi. Provident quae perferendis quibusdam et error. Aliquid illo similique natus aspernatur ipsa velit.',1,'2010-09-21 09:29:02'),(45,150,39,'Tempora deleniti ut et dolorum sit et. Qui voluptates molestiae quia corrupti sunt laborum voluptatem et. Et explicabo voluptatem non iure perferendis. Explicabo magnam enim quibusdam.',1,'1978-07-19 11:21:36'),(46,89,33,'Et ut in ut nam. Quia ratione ut veniam itaque quae quos. Est voluptas id occaecati consequatur.',0,'2007-06-10 05:24:58'),(47,77,53,'Quaerat et fugiat mollitia sunt amet et. Molestiae vel qui incidunt. Inventore quas qui modi autem tenetur quaerat.',1,'1987-07-31 11:00:28'),(48,165,36,'Nobis eum est maxime officiis repellat ipsa. Accusantium et nihil ut temporibus. Assumenda beatae fuga ducimus non consequatur quidem quos. Quidem sunt est ad velit recusandae saepe est.',1,'1991-09-11 06:53:18'),(49,38,51,'Sint ut in possimus illum. Ut veniam praesentium totam saepe est. Nisi consequatur necessitatibus impedit sint. Officiis ut neque vitae soluta in.',0,'1997-02-02 22:22:04'),(50,194,29,'A natus ratione ut nihil consequatur. Cupiditate illo quo ipsum ab qui facere. Ratione odio ipsa impedit nisi non.',0,'1988-01-06 07:53:51'),(51,117,70,'Quos qui occaecati quod dolorem hic et veritatis. Et quod cupiditate facere fugiat inventore eum placeat. Distinctio mollitia consequatur accusantium odit.',0,'1982-06-19 09:13:16'),(52,88,48,'Blanditiis et quibusdam sed sint. Omnis aut nulla voluptas numquam. Officia sunt inventore sint dolores veniam earum. Impedit culpa vero rem iusto ipsum aperiam. Facilis voluptate natus unde consequuntur iusto explicabo.',1,'1994-04-18 19:37:33'),(53,73,68,'Rem ipsum autem rerum sapiente facere ullam. Enim quia id est maiores ratione et. Exercitationem assumenda minima et voluptas. Recusandae facilis natus esse ut.',0,'2011-05-10 21:55:00'),(54,175,78,'Aut dicta distinctio temporibus eum et quaerat voluptates. Odit nihil quia vel unde dignissimos totam sunt. Dicta qui sint odit consequatur consequatur enim dolores adipisci. Facilis aspernatur rerum et hic.',0,'1972-11-01 03:34:46'),(55,156,94,'A libero omnis magnam eaque. Similique eos natus dolores pariatur doloremque vero aperiam. Minus sint accusamus qui veniam quo consectetur exercitationem.',1,'1980-11-10 04:38:59'),(56,126,30,'Voluptas quia voluptatem vel accusantium numquam sunt. Quas atque iure ut ut rem ratione recusandae. Porro quaerat et quibusdam quod qui sint.',0,'1983-03-16 05:39:18'),(57,37,62,'Ut nam rem non est incidunt. Eligendi quo non sit est.',0,'2010-04-09 17:36:16'),(58,152,22,'Et consequatur ea rem est. Ea voluptas in ex dolorum perspiciatis quo.',0,'2017-09-30 16:48:51'),(59,192,37,'Pariatur modi explicabo explicabo maiores impedit vitae qui. Nostrum accusamus qui sed non est facilis rerum.',1,'2014-12-30 00:35:32'),(60,195,71,'Repellat est quo a. Dicta ducimus neque odit ad voluptate. Itaque quos veniam qui explicabo debitis. Ut velit dolor occaecati accusantium nihil impedit quas.',0,'2000-07-17 11:58:30'),(61,152,42,'Quasi illum et ea laboriosam aut assumenda. Nesciunt dolorem occaecati hic nobis perferendis distinctio. Deleniti occaecati suscipit delectus. Sunt sed nesciunt quas omnis.',0,'1970-05-23 12:06:55'),(62,6,14,'Vero cumque qui vero consectetur molestiae. Omnis sapiente non ipsam eveniet nostrum sit consequatur. Perferendis sed quos cum. Debitis quo reiciendis rerum placeat veniam reiciendis voluptatibus. In fugiat aut ad soluta neque et aut.',1,'1975-11-15 22:36:23'),(63,190,86,'Sit asperiores dolore est nisi neque. Impedit aut nulla magni. Eligendi cumque facilis qui qui hic dolorem.',0,'1973-08-10 21:51:48'),(64,99,14,'Neque omnis et quis quo placeat quia reiciendis. Nesciunt laudantium quis sed illo recusandae alias voluptas id. Et distinctio consequatur dolorum nesciunt ratione et placeat.',1,'1985-02-13 07:17:00'),(65,72,46,'Sed ea debitis architecto nihil magnam. Ut nihil officiis dolor corporis molestiae. Quos enim nam voluptas architecto ipsam illum et non. Id expedita eos nesciunt architecto.',1,'1980-04-04 20:27:06'),(66,84,94,'Qui optio molestias nesciunt minus mollitia quia architecto. Quia autem ut qui rerum ea. Unde aut aut est sit aspernatur ea voluptate. Quidem nemo non soluta dolorum qui veniam et.',1,'1983-02-03 11:23:18'),(67,31,86,'Eaque animi laudantium consectetur velit commodi. Quam ut voluptatem aut animi sed. Exercitationem iste officiis unde qui facere vitae aspernatur.',0,'2004-12-04 16:05:52'),(68,83,52,'Ut neque inventore enim soluta. Qui sapiente dolores sint tempore eos. Voluptatibus ut possimus nostrum aut. Quasi voluptates provident voluptatum quia.',1,'1976-10-07 02:59:23'),(69,107,29,'Atque vel corrupti blanditiis. Nulla fugit totam quis est recusandae. Ipsa nesciunt deserunt quis molestiae.',0,'1991-10-14 14:24:40'),(70,59,31,'Id similique veritatis in velit dolores suscipit dolores. Aut consequatur molestiae ab iure dignissimos nobis. Sit necessitatibus et aut libero aut nobis.',1,'2015-01-07 05:15:21'),(71,44,92,'Rerum totam recusandae ipsam non necessitatibus delectus quia. Quo omnis sit et beatae in voluptate. Fugit quos incidunt culpa impedit est. Consequatur temporibus quibusdam animi qui sed quis voluptatem tempora.',0,'2018-08-21 21:54:47'),(72,121,40,'Sed dolor quod perspiciatis voluptas deleniti eligendi. Ut soluta iure nihil et fugiat ut. Reprehenderit debitis vero iusto. Et ea vel ut vel dolore suscipit. Explicabo neque maiores dolorem.',1,'1973-12-10 14:53:24'),(73,107,36,'Aspernatur voluptas necessitatibus nemo ad. Quae dignissimos id est repudiandae cumque dolores rerum cumque. Id amet omnis porro aperiam. Qui ut beatae velit sapiente et non.',0,'2006-11-01 01:59:57'),(74,123,49,'Voluptas consequatur nesciunt harum. Aliquid veniam sunt voluptatem nobis dolorem aut. Rerum sunt sed iusto voluptatem voluptatum eum. Ut iste iusto sint ullam et quaerat et quisquam.',0,'1989-03-24 23:40:36'),(75,146,59,'Placeat assumenda iste qui animi ipsam vero doloribus. Qui eum quam et doloremque. Iusto sed dolorem unde occaecati natus porro. Quae maxime vero placeat ratione sunt.',0,'2001-07-17 05:50:14'),(76,39,49,'Rerum illum nemo consectetur. Quia ratione nihil necessitatibus dolorem est nihil. Nihil et iusto hic tenetur. Quia quis magnam ipsa delectus maiores sunt quisquam.',1,'1982-03-07 02:43:08'),(77,1,23,'Placeat sunt quidem officiis aut. Vitae qui quia a repellat. Aut in cum soluta atque praesentium voluptas.',0,'1990-12-15 04:33:18'),(78,125,95,'Quis reiciendis sed rerum error sint eos natus aut. Unde non vero qui blanditiis qui. Ipsum ea eaque error et quisquam et at alias.',0,'2000-06-04 16:56:26'),(79,15,12,'Officia nisi ad consequatur assumenda perspiciatis aut pariatur. Rerum possimus est placeat laudantium architecto. Sunt earum vero qui.',0,'2019-01-02 08:08:12'),(80,17,43,'Saepe et dignissimos sed qui dolorem. Omnis perferendis molestias ut voluptatem. Omnis magnam quisquam ex quaerat voluptatem qui. Repellat vel maxime sed aut laboriosam hic.',1,'2001-11-23 03:07:17'),(81,115,51,'Earum recusandae ea placeat. Unde deserunt maxime iure fugit optio. Quas eum quia consequatur. Aspernatur ipsa voluptates accusantium ea facere.',0,'1981-09-30 13:28:13'),(82,73,73,'Et expedita animi reprehenderit officiis aut est dolorem. Rerum amet est et quo. Consequatur et mollitia ipsa distinctio deserunt in.',1,'2017-11-13 12:33:04'),(83,72,78,'Exercitationem ducimus adipisci temporibus ut eum id consequatur. Excepturi nemo dolore laudantium nam. Asperiores nam et quia placeat. Consequatur perferendis rerum ut magnam accusamus dolor.',1,'1989-07-26 15:05:39'),(84,49,89,'Enim nisi esse iusto officiis. Quos praesentium ullam est voluptate dolorum vel. Nesciunt laborum nulla accusantium.',0,'1972-06-21 19:07:24'),(85,11,54,'Perferendis suscipit accusantium qui sit aut rerum. Magni et rem perspiciatis sunt ratione mollitia. Et quod quod animi voluptatem consequatur voluptatem.',1,'2000-12-04 08:05:25'),(86,40,28,'Suscipit alias dolore repellat eum. Ut repellat corrupti molestiae laboriosam eligendi consequatur cum. Voluptas enim veniam unde non eum dolorem nihil.',0,'1978-07-18 17:30:10'),(87,91,81,'Quae corrupti est fugit. Magnam et ipsa minus in ut. Nesciunt quam sit in odio tempore. Consequatur eaque rerum nihil sit.',1,'2006-11-13 19:59:58'),(88,134,99,'Iure adipisci autem officia ipsum deleniti vitae sed ab. Dolores magni eum harum nihil beatae suscipit. Labore in dolorem aliquam eum. Aliquam eligendi quisquam dolores temporibus rem minus optio.',0,'1972-03-30 20:00:26'),(89,33,28,'Ab aut et est quam natus quisquam sed. Delectus doloribus provident non ut. Est at quos maxime. Ullam aut facere temporibus quia.',0,'2014-01-21 11:14:18'),(90,95,89,'Enim non quas et occaecati. Enim vel dolores laudantium facere ut occaecati voluptas. Quasi maiores et neque quis quia. Non ipsum nesciunt libero est odit sed blanditiis voluptatem.',1,'2007-07-14 01:14:33'),(91,174,67,'Ea voluptatem ut tempora ipsa laudantium. Voluptas aliquid quis voluptas.',1,'1996-06-16 21:41:37'),(92,75,87,'Mollitia iusto et dicta et. Iste et quod explicabo est nisi delectus magni dolore. Et vel quia omnis quo sed beatae. Dolorem beatae aliquid totam in.',1,'1985-09-16 09:48:42'),(93,178,100,'Quia illo aut necessitatibus illo voluptatem inventore quia. Voluptates repellat quam aut. Libero repellat tenetur eos ullam quidem autem non. Quisquam delectus est architecto dolores dolorem. Similique quia quia quia debitis et.',1,'2003-05-03 04:01:11'),(94,164,96,'Pariatur omnis nulla similique quo alias illo maxime vel. Sint magni ut qui nesciunt non unde. Deleniti impedit quam laboriosam facilis voluptate.',1,'2010-04-16 18:16:56'),(95,23,91,'Eius voluptates iure voluptatem adipisci ducimus eos et distinctio. Rem est alias nostrum molestiae. Reprehenderit accusantium dolore veritatis sint labore. Commodi sit ipsa eum et praesentium et deleniti mollitia.',0,'1970-03-24 17:56:29'),(96,77,69,'Optio aut atque fugiat. Dolorem dolorum id ratione facilis nemo voluptate. Saepe dolores facere et.',0,'1976-06-20 09:00:31'),(97,81,75,'Repellat consequuntur expedita ut qui sed eius nihil. Nam rerum iure quia expedita. Qui aut quia voluptatem sint. Quam quas eveniet repellendus officiis ullam magnam.',0,'1999-05-19 18:53:46'),(98,83,76,'Deserunt vitae at atque vel. Accusantium omnis maiores saepe sit rerum ipsum.',0,'2001-05-23 15:19:13'),(99,104,66,'Nisi similique nihil dolorem eos soluta. Quae dicta rem ut ut libero non.',0,'2011-03-08 22:34:12'),(100,130,58,'Doloribus omnis dolores id dicta. Neque vero minus excepturi corrupti iusto perferendis. Quam neque fuga et minus nostrum. Enim tempore illo saepe ab mollitia a accusantium.',1,'1999-08-10 16:59:09'),(101,38,85,'Vitae commodi dicta sit quis. Iste libero minus aut voluptas unde. Consequatur qui voluptatibus voluptas provident dolores. Est debitis dolor eligendi voluptate in ea.',1,'2008-09-23 20:44:20'),(102,169,65,'Sint in facere odio autem harum ipsa. Esse recusandae iste aut numquam officia aut iure.',1,'1971-07-04 07:40:34'),(103,130,52,'Explicabo sint et accusantium et. Qui molestiae placeat repellendus voluptatem.',1,'1996-12-13 19:15:23'),(104,125,81,'Id perspiciatis sed adipisci reprehenderit aut. Sed voluptas quasi adipisci dolores ducimus est. Harum eos est adipisci et.',0,'1999-03-25 00:55:36'),(105,159,10,'Expedita perferendis et sed sit quas. Velit ducimus laboriosam eos et at.',1,'1973-09-16 06:27:09'),(106,140,66,'Id sapiente corporis iure adipisci molestias modi. Recusandae neque possimus praesentium odio consequatur. Ipsum veritatis voluptas incidunt enim dignissimos ea esse. Molestias omnis rerum et.',1,'2018-08-07 15:43:55'),(107,153,8,'Maiores eum minus quis occaecati ut repudiandae temporibus. Saepe voluptatem et dolores sunt quia voluptatum voluptatem. Velit velit ipsam similique beatae quaerat animi.',0,'1996-01-02 14:14:33'),(108,106,65,'Quo necessitatibus atque asperiores autem voluptas harum quo. Sequi est molestias itaque distinctio voluptate magni et ut. Ut alias quod molestiae sit aspernatur omnis commodi aut. Amet deserunt quia esse eum placeat. Asperiores perferendis dolore doloremque sunt soluta.',0,'2013-03-01 08:16:28'),(109,14,35,'Quos et nemo ratione. Voluptatem ea ullam officiis quia nulla reprehenderit. Culpa vel recusandae harum architecto porro.',1,'1997-12-17 23:36:57'),(110,121,18,'Hic sed corporis maxime perspiciatis. Dolor dolorum dolorem consectetur in adipisci est dolore.',0,'2017-08-05 04:43:58'),(111,50,99,'Consequatur dolor vel occaecati vel suscipit adipisci. Aut veniam eius rerum velit provident aut voluptates numquam. Sint eum eligendi eligendi enim sequi ut vitae.',0,'1992-09-26 07:48:25'),(112,173,65,'Quia quod assumenda voluptatibus in. Aut expedita quas ut enim id. Quis fugit harum voluptatem doloremque ducimus temporibus.',0,'1973-03-28 05:01:21'),(113,146,28,'Quaerat libero ut magni voluptatem tenetur. A explicabo vel aut illum. Ut eos voluptatem omnis delectus non accusantium dignissimos. Quia ut accusantium sed consequatur nihil vel vero.',0,'2006-08-19 23:26:57'),(114,82,25,'Qui nesciunt repellat et voluptatem ducimus voluptatem. Sunt quis culpa occaecati iste voluptate. Quibusdam voluptates similique voluptatibus facere porro qui perferendis. Adipisci reiciendis veniam voluptate nihil.',0,'2012-02-17 20:47:57'),(115,186,6,'Perferendis omnis rerum dolorem fugit impedit vel iure. Quo sequi atque assumenda pariatur nihil at quidem. Dolor nulla sunt est deleniti adipisci dolores. Sed eligendi ut consequatur est non quam.',0,'1988-08-22 09:45:46'),(116,165,12,'Qui similique quibusdam accusantium. Repudiandae voluptatem assumenda debitis soluta expedita.',0,'2017-06-04 11:01:51'),(117,181,67,'Autem voluptatem vero eaque cum praesentium. Nam et cum labore beatae molestias voluptas. Expedita dolorum repudiandae in illo autem.',0,'1989-02-18 15:17:43'),(118,152,55,'Dolor delectus alias qui asperiores nostrum error qui. Quo pariatur et autem voluptatem nam quia cumque. Ea dolorem id laudantium et possimus voluptatem natus suscipit. Possimus perspiciatis et et explicabo voluptatibus nisi vero.',1,'2003-03-15 23:34:56'),(119,37,38,'Dolor quas veritatis libero doloribus corporis. Quia facilis sed eos consequatur harum fuga. Iusto animi numquam laborum tenetur rem maxime. Pariatur id est mollitia omnis nihil.',0,'1998-03-26 22:00:51'),(120,72,98,'Deleniti modi veritatis aut voluptatibus est. Laudantium voluptatum veniam aut esse. At placeat quo eveniet quaerat nesciunt aspernatur.',0,'2012-01-03 01:20:03'),(121,96,6,'Voluptatum omnis in omnis beatae ab dignissimos officiis. Sint qui aut commodi. Modi natus est porro dolorem.',1,'1995-09-18 18:28:51'),(122,127,24,'Dolores eaque est recusandae tempore. Ducimus porro consequatur sed sint libero. Magni sed natus voluptatibus autem aut perferendis rerum nihil. Quo rerum perferendis similique necessitatibus magnam.',0,'2002-03-08 10:46:05'),(123,25,17,'Nihil architecto vitae officia. Corporis in placeat eum cum. Eos facere repudiandae culpa aspernatur.',0,'1987-12-03 19:44:39'),(124,177,20,'Nihil vel praesentium ut aut exercitationem aut tempora. Quam fuga ut ut beatae sapiente quibusdam. Quaerat est sit inventore eos qui vel dolor ducimus.',0,'2008-01-17 18:09:24'),(125,102,49,'Incidunt perferendis id quibusdam dolores omnis numquam. Aliquid quasi repellendus esse autem. Amet voluptatem sit vel quidem recusandae consectetur in.',0,'1980-09-02 01:22:11'),(126,74,76,'Distinctio vel similique consectetur consequatur aliquid voluptas. Perspiciatis maxime nulla incidunt eos modi. Et repudiandae ut qui soluta ipsam.',0,'1973-08-20 15:22:05'),(127,94,23,'Quisquam sapiente non odit est mollitia labore tenetur eveniet. Accusamus praesentium veritatis ex maxime assumenda tempore iure. Aut laborum voluptas quia necessitatibus ut ea. Mollitia minima et ea porro et suscipit et.',1,'1993-05-02 10:15:45'),(128,81,20,'Fugiat ut hic sint exercitationem iure totam. Soluta aut nostrum et quia. Beatae id autem tempora est. Aliquid non laboriosam cumque ut quibusdam.',1,'1999-05-29 06:24:04'),(129,101,82,'Quos qui maxime odit quia officia quia molestiae. Aliquam enim ipsa amet. A excepturi neque sit voluptas similique libero nesciunt. Similique consequuntur soluta numquam iusto in debitis quia.',1,'1998-10-15 22:50:30'),(130,89,43,'Et sint totam id qui voluptas beatae quia suscipit. Consequatur est asperiores similique sunt numquam nam. Unde iste praesentium impedit ipsa quibusdam odio.',0,'2018-11-11 04:36:24'),(131,174,27,'Dolore et vero ut quo ut. Dolorem est nostrum qui quo. Explicabo voluptatem et ad saepe. Optio molestiae expedita aspernatur quia vitae.',0,'2016-06-14 03:58:00'),(132,109,77,'Expedita qui iure beatae explicabo odio laboriosam est. Est ratione qui necessitatibus veritatis corporis debitis. Odio suscipit et qui quia. Ipsam assumenda ut nihil ad.',0,'1979-07-08 05:26:37'),(133,187,30,'Reiciendis quia cumque accusantium consectetur. Voluptas expedita nobis ipsam laborum. Et eum et et quia qui ut.',0,'2017-05-30 20:57:16'),(134,64,12,'Omnis velit laboriosam minima quam alias. Voluptas magni est earum ea. Eligendi voluptatem sunt nostrum natus. Et cupiditate perspiciatis praesentium ut.',0,'1996-01-21 04:47:53'),(135,136,68,'Eum ex aut est ut qui consequatur. Ut placeat quisquam temporibus non. Eum qui laudantium officia fugiat aut. Exercitationem minima vero soluta ipsam molestiae.',1,'2020-11-16 16:29:49'),(136,18,16,'Non quam sit dolor hic dicta in eum. Facilis quos in et sunt eos. Ea quia sapiente voluptates deleniti aut. Alias ratione est vero quisquam architecto eligendi.',0,'1984-03-27 04:28:46'),(137,145,72,'Illum neque provident voluptatum dolorem. Illo nam tempore repellat aliquid deleniti. Molestias at possimus amet delectus cum qui. Doloremque ullam ipsa rem quo doloremque veritatis. Aut nulla placeat ut minus maiores dolorem quidem minus.',1,'2013-04-24 08:37:52'),(138,78,85,'Et saepe quia aut impedit eos ad. Temporibus veritatis occaecati rerum qui id facilis. Doloremque ut totam nemo omnis architecto molestiae doloremque.',1,'1987-06-05 20:47:49'),(139,176,27,'Aspernatur voluptatem dolore veniam cumque id illum. Debitis nihil suscipit non. Soluta quo laborum consequatur.',1,'1975-03-04 13:57:30'),(140,8,39,'Est ad rem quia itaque. Explicabo explicabo perferendis consequatur atque deleniti sit. Sit dolores quae cumque veniam.',1,'1995-04-04 03:52:30'),(141,151,41,'Repellat quo consequuntur possimus minus quis. Dolorem asperiores sed velit explicabo sint saepe. Tempora veniam ut et pariatur. Dolorem inventore cum fuga enim deleniti voluptatem qui.',0,'2005-09-13 07:29:34'),(142,29,22,'Quo repellendus rerum occaecati rerum similique. Possimus soluta quia dignissimos cumque nihil eius. Molestiae ut rerum accusamus et quis ipsum vero voluptas. Quae porro voluptas exercitationem quisquam.',0,'2004-01-18 06:34:05'),(143,127,55,'Voluptas et in illum quos totam beatae rerum. Minus esse cum eum enim et et quia. Ipsam maiores illum dicta exercitationem voluptas. Nobis qui architecto est consectetur delectus rerum.',1,'2011-08-14 05:04:36'),(144,83,14,'Fuga debitis odio omnis pariatur quos. Distinctio voluptatum culpa fugit nihil aspernatur blanditiis. Voluptates possimus in impedit ipsam.',0,'1987-03-25 16:36:32'),(145,71,86,'Ad ipsam iure ut doloribus non. Autem quisquam eligendi hic facere ut enim. Exercitationem omnis occaecati consequatur ab qui itaque. Necessitatibus dicta totam ipsam voluptate.',0,'2016-12-03 08:48:07'),(146,113,22,'Ipsa cupiditate ab voluptate minus id nulla aut nobis. Quisquam ex est ullam. Eligendi ex eligendi eos consequatur. Consequuntur illum totam voluptas error alias quis.',0,'1988-01-12 22:20:24'),(147,25,11,'Quod sed quae est molestiae eos. Sunt earum error odio repudiandae eum sequi. Beatae hic qui consequatur enim repellat ea neque. Maiores vitae ab autem aliquam est. Magni laborum nesciunt aut sapiente non occaecati.',0,'2015-11-02 04:31:04'),(148,198,6,'Sit recusandae asperiores accusantium id eligendi. Voluptatem rem aspernatur aliquid tenetur. Tempora nemo asperiores et debitis. Quae omnis pariatur vero facere a quos voluptas.',1,'1983-10-01 04:45:44'),(149,80,31,'Aliquid vero dolor pariatur commodi eos iure vero. Sit veritatis sint dolores ex iste est aut. Nulla inventore aspernatur mollitia cupiditate.',0,'2017-12-30 17:25:00'),(150,34,8,'Quam corporis cupiditate enim ipsum. Esse at praesentium molestias vel. Repellendus illo rerum commodi facilis est voluptatum. Nemo sunt eius et sapiente eos voluptatum quia.',0,'1979-08-26 19:56:24'),(151,195,26,'Omnis cupiditate quaerat quidem alias quibusdam sequi. Iusto esse reprehenderit minus aut. Beatae voluptatem qui reiciendis dolores ad impedit temporibus odio. Incidunt voluptatem aut ut voluptas modi reiciendis.',1,'1993-11-25 09:06:00'),(152,45,70,'Hic est omnis adipisci tempora voluptates. A enim et et qui est velit. Provident harum id laboriosam modi sint nihil eaque. Esse quis quisquam temporibus et quaerat aut. Error quia in qui labore voluptas unde.',0,'1989-11-04 13:35:31'),(153,195,62,'Animi tempora dolorem et incidunt delectus ea. Nostrum assumenda exercitationem est nemo nihil eveniet. Suscipit minima et laboriosam consequuntur quidem.',0,'1972-07-27 15:08:23'),(154,110,86,'Hic aut provident optio dolorem aut ut. Commodi vel nemo perspiciatis rem. Ipsam sit accusantium ad aperiam neque laborum qui. Quas nulla beatae enim porro earum consectetur.',1,'1998-05-12 01:33:38'),(155,176,59,'Dicta sapiente incidunt voluptatem quo sed veniam. Atque ut mollitia sapiente est velit. Illum ex officiis non voluptate. Repellendus enim repellat excepturi.',0,'2012-04-24 18:00:55'),(156,48,63,'Voluptatum vero veniam repudiandae voluptas culpa ipsam deleniti. Temporibus possimus nulla ratione cupiditate perferendis velit. Adipisci non quia in excepturi.',0,'1983-03-16 16:11:40'),(157,199,39,'Architecto sunt consequuntur modi voluptatibus iste in. Velit dicta asperiores aut facere neque eum quae. Debitis impedit corporis eum sunt velit.',0,'2012-05-13 08:51:22'),(158,170,63,'Eaque ratione omnis molestiae veniam qui ad. Qui quae perspiciatis illo quo facere. Vel et mollitia voluptates perspiciatis. Qui distinctio enim impedit aut quo quod voluptatem.',0,'1990-08-12 18:20:52'),(159,185,26,'Commodi dolorem aut autem quis impedit eligendi reiciendis iusto. Est et sequi eaque eaque. Quae voluptates voluptatum cum officiis.',0,'2007-06-29 08:01:56'),(160,153,28,'Dicta dolorum maiores et quod. Corporis vitae deleniti odit et. Porro nulla id perspiciatis cupiditate voluptatem eos.',1,'1987-12-08 22:07:18'),(161,24,33,'Rerum sed nemo illo quae voluptates dolorem eum. Ut magni omnis neque soluta sed. Blanditiis ut sint et nulla fuga voluptatem voluptas.',1,'1978-03-27 07:31:25'),(162,100,24,'Et id et quas. Illum architecto veniam eaque et. Distinctio velit animi rerum. Aperiam in voluptatem illum quia ex voluptate.',1,'1993-11-10 05:57:05'),(163,85,49,'Odit est ad laboriosam voluptatem doloribus distinctio. Consequuntur voluptatem ea debitis magnam qui.',1,'1986-10-26 13:40:43'),(164,59,82,'Quia veniam consequatur itaque iste quas quia sequi doloremque. Ut ab dolore ipsum sed libero. Delectus sed illo officiis consectetur.',1,'2014-07-09 02:48:51'),(165,158,47,'Perspiciatis et atque delectus culpa. Quidem a incidunt est error. Commodi voluptas et eos sint fuga ex.',0,'1974-03-12 04:37:34'),(166,179,77,'Nobis est quam totam rerum porro sit. Voluptatem quia cupiditate exercitationem illum consectetur maxime neque. Sed est esse consequuntur aut. Necessitatibus rerum aut consequuntur fugit harum.',0,'1975-02-23 06:16:39'),(167,144,12,'Ipsum nulla et nam laudantium et ut natus dolorum. Saepe consequatur quia et in qui aspernatur reiciendis. Vel eos sequi hic accusamus non qui consequatur. Expedita et nihil officia. Officiis est quo aut.',1,'1995-10-24 04:53:34'),(168,92,69,'Harum ea alias excepturi sapiente. Quibusdam quos rerum cumque veniam tenetur omnis. Nesciunt consequuntur totam assumenda nesciunt itaque alias sunt impedit.',1,'1996-02-09 08:13:57'),(169,146,1,'Repellat laudantium est vel. Dolorem consequatur quia possimus et aut ratione. Repudiandae velit sit nulla.',1,'1989-07-31 03:23:02'),(170,109,61,'Sunt blanditiis quisquam fuga reprehenderit. Iste provident harum qui vel nam.',1,'1982-02-16 20:29:30'),(171,119,79,'Quae et voluptas consequatur laboriosam repudiandae similique. Expedita repellat sapiente fugiat natus cum quas mollitia. Enim iste nostrum nobis excepturi minus.',0,'1976-05-16 01:56:25'),(172,47,59,'Et repudiandae commodi dolor molestiae voluptas. Enim quibusdam ducimus eos est. Sed consectetur quo aliquid in ullam nemo accusamus.',1,'2020-07-01 19:08:27'),(173,33,9,'Dolores mollitia reiciendis qui illum. Et minima ex doloremque et incidunt quidem. Quia temporibus quibusdam odit rerum adipisci ut hic magnam.',1,'2010-06-12 15:35:55'),(174,43,9,'Tenetur voluptatem voluptatem voluptas ex molestiae et natus. Facere delectus et laborum. Velit alias provident sequi aut animi. Consequatur sit ut repudiandae voluptatem aut vitae sint.',0,'1979-01-19 17:45:43'),(175,69,98,'Deleniti eum et illum culpa et aut. Libero sed optio quod deserunt corporis hic. Vitae aliquid dolorem dolor debitis dolor. Repellendus iure totam beatae eaque quae debitis ea ut.',0,'2011-01-18 05:43:55'),(176,74,46,'Nobis ad ea sint molestias dolores dignissimos. Cupiditate autem qui voluptates expedita ea. Distinctio ratione culpa itaque esse autem.',0,'2005-08-24 00:11:52'),(177,59,87,'Id labore non quos. Sit est quae eius id minus laboriosam. Natus consequatur quod maxime reprehenderit ut sequi atque. Aut porro recusandae officiis placeat sit incidunt non aut.',0,'1996-05-01 10:07:24'),(178,140,72,'Qui quia provident in quae enim tempore delectus. Iure deserunt dolorem quia sequi magnam. Vel dolores alias voluptatem aspernatur impedit. Rerum nihil voluptatibus laudantium labore soluta. Vel esse corrupti sed.',0,'1990-10-12 06:45:23'),(179,70,99,'Eum tenetur facere omnis quo voluptatem est. Exercitationem quis fugit aut eum. Distinctio dolor magnam qui itaque nobis sunt.',0,'2001-10-12 04:49:06'),(180,107,14,'Aut consequuntur natus quia id ea quam. In facilis esse autem sequi modi et dolores. Id omnis corrupti temporibus ipsa.',1,'1988-10-10 23:33:42'),(181,90,43,'Nesciunt ut beatae iure veritatis quae. Corporis eius impedit non ratione. Officia voluptate veniam aut reprehenderit necessitatibus id. Aut est qui sapiente quis et.',0,'1986-08-18 23:51:03'),(182,180,17,'Amet dolor voluptatem quis eum. Omnis debitis nisi corporis quidem corporis et. Minus molestiae ut ut enim rerum. Eum laudantium non est quo deleniti quo non.',0,'1999-03-05 22:12:37'),(183,109,36,'Eos quo nihil placeat consequatur facere. Modi sed et quae. Voluptates ea delectus placeat. Est et delectus amet quis velit voluptas. Saepe debitis eveniet eveniet deserunt.',0,'2014-03-22 19:42:54'),(184,171,27,'Consequatur eum sed quisquam non rerum quia mollitia voluptas. Non et fugiat omnis illo incidunt aut. Non est rem animi. Dolorem delectus consequatur qui officia quo temporibus.',1,'1977-04-21 22:32:42'),(185,73,40,'Asperiores aliquam est in. Magnam dolorem magnam sed sequi ut. Vel expedita enim voluptatem facere id sed.',1,'1993-06-25 10:44:16'),(186,175,96,'Fuga est ea ab ea illo. Non facilis ducimus dolorem quia ut. Laboriosam assumenda consequuntur ea est eius nesciunt rerum. Temporibus quo repudiandae cupiditate temporibus tenetur.',0,'1983-01-01 04:43:27'),(187,36,11,'Qui repellendus et architecto. Enim voluptas iure nam exercitationem quo aut. Sunt voluptatibus aut occaecati iste et aut sit. Est excepturi sit nulla repudiandae quos sit.',0,'2002-07-23 05:33:11'),(188,109,35,'Eveniet itaque iusto autem autem et necessitatibus. Expedita occaecati voluptatem quod esse aut fugit. Non amet corporis architecto deserunt. Sunt illo aperiam consequatur iure optio et.',1,'1975-10-16 09:05:51'),(189,38,76,'Accusantium rerum autem cumque quasi aut. Nihil omnis illo quos animi praesentium. Illum repudiandae placeat unde modi. Repellendus quia esse molestiae.',0,'1991-10-05 09:35:13'),(190,86,53,'Enim ipsum dolorem sint sit molestias recusandae hic. Repellat perspiciatis qui officiis unde sunt sit voluptatem quidem. Molestias dolores voluptatum et omnis quia et adipisci.',0,'2020-01-03 02:33:07'),(191,146,80,'Praesentium numquam officia vel qui nobis. Corporis excepturi ut recusandae nisi. Minima nostrum ducimus voluptatem est. Veritatis tempora placeat voluptates rerum.',1,'1975-01-13 07:16:58'),(192,198,3,'Veritatis tenetur esse et quas. Et labore rerum quis nihil. Modi consectetur eum alias voluptatem accusantium. Modi doloremque deleniti quisquam reiciendis fugit dolor. Hic explicabo quod in amet enim.',0,'1988-12-17 15:00:43'),(193,132,69,'Minus soluta fugit omnis voluptatibus. Non quam animi iure ducimus ipsam dolorum excepturi. Quis libero ratione temporibus alias maxime.',0,'2015-05-23 01:40:04'),(194,148,1,'Aut totam reprehenderit mollitia odit nostrum soluta. Provident qui non at delectus consequatur rem aut. Ipsam quasi voluptas eos dolor delectus natus.',0,'2009-08-01 12:58:43'),(195,134,28,'Dicta mollitia illum dolorem. Sed et sed eos numquam repellendus.',0,'1982-06-11 21:33:10'),(196,29,12,'Voluptas commodi quibusdam ea occaecati. Quas dolorum necessitatibus quia asperiores modi. Consequuntur et eos optio et modi. Voluptatem et inventore ducimus quidem laudantium.',1,'1986-08-12 16:31:03'),(197,140,4,'Incidunt vel quidem id modi fuga. Rem neque similique ullam accusamus. Porro exercitationem minus consequatur non laudantium sunt. Sit aut mollitia sit libero nemo.',1,'1997-04-03 06:39:59'),(198,57,24,'Nihil accusamus praesentium consequuntur animi. Vero qui ipsum incidunt dolor. Minus omnis doloremque amet in aperiam cumque.',1,'1979-06-04 21:06:01'),(199,79,14,'Possimus sed nobis expedita magnam et soluta dolor quo. Aut voluptatibus nostrum quae natus. Voluptas enim est modi sunt aut delectus facere. Fugit eligendi sit dolorem consectetur debitis.',0,'2003-11-22 01:52:46'),(200,102,76,'In facilis aut est laboriosam vitae non sint repudiandae. Sapiente molestiae dolorem veritatis voluptatum vel aut eos sequi. Placeat explicabo voluptatem maiores incidunt illo sapiente alias. Ducimus minima atque voluptatem esse.',0,'2006-10-20 18:25:51');
/*!40000 ALTER TABLE `reviews` ENABLE KEYS */;
UNLOCK TABLES;

--
-- Temporary view structure for view `reviews_info`
--

DROP TABLE IF EXISTS `reviews_info`;
/*!50001 DROP VIEW IF EXISTS `reviews_info`*/;
SET @saved_cs_client     = @@character_set_client;
/*!50503 SET character_set_client = utf8mb4 */;
/*!50001 CREATE VIEW `reviews_info` AS SELECT 
 1 AS `t_id`,
 1 AS `title`,
 1 AS `rev_id`,
 1 AS `body`,
 1 AS `mood`,
 1 AS `nick_name`*/;
SET character_set_client = @saved_cs_client;

--
-- Table structure for table `target_types`
--

DROP TABLE IF EXISTS `target_types`;
/*!40101 SET @saved_cs_client     = @@character_set_client */;
/*!50503 SET character_set_client = utf8mb4 */;
CREATE TABLE `target_types` (
  `id` bigint unsigned NOT NULL AUTO_INCREMENT,
  `name` varchar(255) CHARACTER SET utf8 COLLATE utf8_unicode_ci NOT NULL,
  PRIMARY KEY (`id`)
) ENGINE=InnoDB AUTO_INCREMENT=7 DEFAULT CHARSET=utf8 COLLATE=utf8_unicode_ci;
/*!40101 SET character_set_client = @saved_cs_client */;

--
-- Dumping data for table `target_types`
--

LOCK TABLES `target_types` WRITE;
/*!40000 ALTER TABLE `target_types` DISABLE KEYS */;
INSERT INTO `target_types` VALUES (1,'user'),(2,'autor'),(3,'review'),(4,'title'),(5,'genres'),(6,'lit_types');
/*!40000 ALTER TABLE `target_types` ENABLE KEYS */;
UNLOCK TABLES;

--
-- Table structure for table `titles`
--

DROP TABLE IF EXISTS `titles`;
/*!40101 SET @saved_cs_client     = @@character_set_client */;
/*!50503 SET character_set_client = utf8mb4 */;
CREATE TABLE `titles` (
  `id` bigint unsigned NOT NULL AUTO_INCREMENT,
  `title` varchar(255) CHARACTER SET utf8 COLLATE utf8_unicode_ci NOT NULL,
  `autor_id` bigint unsigned NOT NULL,
  `genre_id` bigint unsigned NOT NULL,
  `lit_type_id` bigint unsigned NOT NULL,
  `date_of_create` date DEFAULT NULL,
  `summary` varchar(500) CHARACTER SET utf8 COLLATE utf8_unicode_ci DEFAULT NULL,
  PRIMARY KEY (`id`),
  KEY `titles_title_idx` (`title`),
  KEY `titles_date_of_create_idx` (`date_of_create`),
  KEY `autor_id` (`autor_id`),
  KEY `genre_id` (`genre_id`),
  KEY `lit_type_id` (`lit_type_id`),
  CONSTRAINT `titles_ibfk_1` FOREIGN KEY (`autor_id`) REFERENCES `autors` (`id`) ON UPDATE CASCADE,
  CONSTRAINT `titles_ibfk_2` FOREIGN KEY (`genre_id`) REFERENCES `genres` (`id`) ON UPDATE CASCADE,
  CONSTRAINT `titles_ibfk_3` FOREIGN KEY (`lit_type_id`) REFERENCES `lit_types` (`id`) ON UPDATE CASCADE
) ENGINE=InnoDB AUTO_INCREMENT=202 DEFAULT CHARSET=utf8 COLLATE=utf8_unicode_ci;
/*!40101 SET character_set_client = @saved_cs_client */;

--
-- Dumping data for table `titles`
--

LOCK TABLES `titles` WRITE;
/*!40000 ALTER TABLE `titles` DISABLE KEYS */;
INSERT INTO `titles` VALUES (1,'Facere modi omnis.',73,1,7,'2015-05-24','Consectetur quidem ea rerum nostrum nihil sint. Officiis aut officiis quas ipsam. Dolorum error itaque nihil hic dicta.'),(2,'Neque voluptatum.',32,5,8,'1979-04-13','Et rerum odit sunt voluptatibus dolorem aut dolores ipsum. Numquam nihil neque ut quaerat. Quas est animi nostrum et.'),(3,'Itaque quas aut provident.',58,6,6,'2018-10-06','Sint voluptatem magni necessitatibus architecto repellendus iure blanditiis nihil. Et illo quidem quia culpa corporis. Labore ipsam velit ducimus aperiam.'),(4,'Sed dolore cupiditate vel.',92,2,10,'2011-11-15','Qui accusamus odit atque ducimus voluptatem ut id. Officia et nesciunt harum ea rerum incidunt amet. Quaerat iste voluptatem voluptas cupiditate aut ut.'),(5,'Incidunt reiciendis blanditiis.',81,5,14,'2001-06-17','Quas ipsa rem recusandae aut consequuntur. Enim consequatur est tenetur fugit quaerat est magnam. Voluptatem est doloribus accusantium deserunt in.'),(6,'Ex sit a.',43,4,7,'1998-11-19','Debitis a similique suscipit. Qui aut aut facere doloribus iusto exercitationem at.'),(7,'Quia fuga doloremque.',80,2,4,'2010-06-13','Non sed nam voluptatibus id dolorem nihil nihil. Illum ipsa voluptate animi rem sed qui magni. Amet molestias et qui non. Sit veritatis praesentium est.'),(8,'Eum natus eligendi.',95,3,2,'1991-01-21','Quasi et ut at qui voluptatem deleniti magnam quos. Sit praesentium harum voluptate qui molestias praesentium consequatur. Fuga officiis nulla inventore et.'),(9,'Error distinctio laborum saepe.',4,4,10,'2002-10-11','Ipsa sit animi ut quaerat omnis quia architecto. Voluptatem natus consectetur corrupti voluptatem sint rem commodi. Debitis facere repellendus magni officiis officiis iste dolorem. Omnis consectetur et ab quasi soluta fugiat.'),(10,'Quibusdam voluptatem eos.',47,2,2,'1996-01-11','Error ex ducimus sunt et dolore in velit consectetur. Qui nesciunt fugit cumque rem illo id qui dolorem. Et qui ipsam dolor vel quidem sapiente.'),(11,'Magnam explicabo nam sint.',19,6,2,'1999-06-24','Commodi ut excepturi similique quibusdam rem earum sed. Adipisci aut et voluptatem accusamus. Natus quia dolore ipsam adipisci.'),(12,'Non dolores mollitia.',76,8,10,'1981-10-05','Pariatur ad est esse consectetur voluptatum. Unde voluptatem qui omnis sed accusamus voluptas accusantium. Ipsam eum libero delectus quam. Ea ab nobis neque molestiae.'),(13,'Impedit nemo architecto quis.',15,4,6,'1997-10-29','Iusto esse in explicabo sint est amet maxime. Cum voluptatum a vel autem molestiae iure quis. Recusandae temporibus voluptatem sapiente facere recusandae harum cum.'),(14,'Error nobis fugit temporibus aliquid.',67,1,8,'1991-09-03','Voluptatem non quaerat officiis consequatur. Error qui consequatur provident omnis omnis ipsa. Non aut quia quo repellat. Eos quia beatae aut aut. Dolorem non repudiandae ut quo.'),(15,'Mollitia eum dolor aut voluptatem.',29,6,2,'2009-08-16','Perferendis dolores non at necessitatibus similique. Odit aut quis illo. Cumque qui vel et rem corrupti. Qui in sunt delectus ea aut qui consequatur.'),(16,'Aut est rerum iste.',22,1,8,'2001-08-07','Id ad laudantium atque voluptas. Earum voluptatem iste saepe harum necessitatibus. In soluta qui aut fugiat consequatur. Quia similique et rerum nihil.'),(17,'Recusandae sequi qui.',79,6,11,'1987-07-13','Quasi qui accusamus nobis in est error quam. Accusantium magnam ab eum. Quibusdam voluptas a dolorem quis. Officiis eos aperiam magni rerum quas voluptates.'),(18,'Consequatur sit aut aut.',111,4,2,'1985-03-01','Ipsum omnis necessitatibus accusantium laboriosam. Nisi sint molestiae repellendus. Voluptate qui optio dignissimos esse ut ducimus et quas. Necessitatibus necessitatibus nihil earum exercitationem voluptas et quia.'),(19,'Excepturi dolorem eius quidem.',129,4,9,'2006-09-26','Repudiandae optio ut est minima corrupti. Repellendus ut est nam quia doloribus pariatur odio. Facere aut in unde perferendis aut minus. Dolorem dignissimos nostrum quas vel beatae tempore mollitia.'),(20,'Ratione libero reprehenderit.',85,7,11,'2007-12-01','Fugiat fugiat est nulla. Qui non molestiae in ea voluptatum nemo doloribus. Perferendis debitis dolores eum fugiat sint veritatis accusamus nobis. Aut dolorum ut reiciendis.'),(21,'Modi illum aspernatur.',99,8,7,'2012-03-23','Accusantium sint fugit ducimus voluptatem dolore quibusdam voluptatem. Itaque qui commodi odit omnis est minima. Velit commodi soluta ab labore sed placeat modi. Eius est quos repellat sapiente.'),(22,'Nisi necessitatibus minima.',115,4,6,'2013-12-12','Maxime laborum et et consequatur dolore magni quis. Error aspernatur est et dolorem qui assumenda maxime. Voluptas repellat voluptatibus itaque atque et culpa iusto.'),(23,'Qui modi earum vitae.',75,5,12,'2016-01-28','Molestiae assumenda animi modi et voluptas. Placeat dolor asperiores in commodi omnis. Temporibus dolorum molestiae molestias et adipisci et voluptas. Aut voluptatem esse ullam et quisquam voluptas.'),(24,'Sunt libero ut.',127,1,13,'2009-10-09','Ab ab suscipit ea expedita ab rerum. Est veritatis velit dolore. Omnis qui in repellendus unde non iure.'),(25,'Quod maiores ut.',65,3,9,'2012-03-06','Rerum dolores deleniti maxime non. Eum ut porro ipsum omnis provident dolores magni quam. Doloremque sint nostrum veritatis nulla qui impedit. Possimus quo molestiae nesciunt voluptatibus autem amet facere. In distinctio quia ipsa odio nihil voluptatibus.'),(26,'Est esse nam doloremque.',75,4,9,'2017-07-15','Eos aliquid aliquam adipisci ratione asperiores repellat ullam nihil. At corporis numquam delectus excepturi adipisci ut explicabo voluptas. Unde labore nesciunt a aspernatur facilis.'),(27,'Non repudiandae.',12,1,4,'1981-04-26','Voluptatem quidem et et nam modi. Et sit natus in similique suscipit. Est quos molestias nisi doloremque omnis. Enim voluptates sed soluta accusamus consectetur.'),(28,'Eveniet rerum voluptas.',112,8,10,'1999-05-25','Laborum quia enim voluptas rerum doloribus. Amet consectetur repudiandae repudiandae reiciendis architecto a ut. Veritatis quis voluptas ex fuga. Quo eos possimus omnis pariatur. Quam est et repellendus aut molestiae est.'),(29,'Reprehenderit ut eligendi corrupti voluptas.',129,8,1,'2015-01-01','Et vero quasi facere aspernatur id quo. Dolorum magni esse error modi. Ea quisquam excepturi sunt ipsa impedit quisquam perferendis minus. Rem et delectus exercitationem sunt nobis sit.'),(30,'Expedita ab cupiditate.',75,5,12,'1988-08-21','Molestiae saepe sunt odio aut dolorem nihil ex. Ut nam aperiam enim rerum iusto velit. Quisquam inventore cum ea libero.'),(31,'Est voluptatibus sapiente laudantium.',41,3,11,'1987-11-28','Ut ut laudantium quibusdam fuga vero unde. Sapiente cumque dolor sunt sed non. Est quas vel ut unde voluptatem nam nesciunt.'),(32,'Odit et nemo temporibus.',98,2,3,'2007-09-12','Ea aspernatur et sapiente dolore aliquid sit. Incidunt perspiciatis dicta minus sapiente eum quaerat voluptatum. Sed exercitationem quis officia soluta.'),(33,'Dolorum voluptas aperiam repellat.',20,7,12,'1971-07-16','Illum ea eos sit possimus omnis quam. Facilis illum animi exercitationem delectus qui reprehenderit qui. Architecto itaque illo qui. Occaecati voluptatem eaque et ratione architecto consectetur similique. Quo harum tempore error architecto.'),(34,'Eligendi quia illo eveniet.',122,7,13,'1981-11-08','Et sunt eius ut animi qui. Qui qui illum in commodi perferendis ea exercitationem. Repellat voluptatum recusandae ex et.'),(35,'Cumque excepturi rerum.',107,3,3,'2005-02-08','Nihil quis animi omnis minus libero tempora harum. Labore magni ut dolorem error omnis.'),(36,'Eius quod perspiciatis ab.',54,7,10,'1999-04-05','Tempore et nulla similique praesentium quo ea porro. Quis et ex et ut. Quis voluptatem ullam non ab facere totam velit.'),(37,'Ad tempora laboriosam sed voluptates.',7,8,11,'2013-02-06','Quis veritatis est amet non. Aut recusandae nemo possimus labore quaerat consequatur laboriosam. Quis doloremque molestiae numquam quibusdam. Aut nobis ad corrupti libero molestiae sunt.'),(38,'Deleniti aspernatur ad.',44,7,11,'1977-07-08','Ipsam ipsa iusto quia eos. Aut porro suscipit voluptas suscipit minima. Quasi voluptatem eaque hic rerum. Dolorum est iusto quasi.'),(39,'Et laboriosam beatae.',130,7,10,'1977-07-17','Laboriosam enim nemo id iste sit iure. Sequi perferendis itaque et non a molestias voluptatem. Tenetur expedita consequatur blanditiis eveniet ut doloribus. Suscipit rerum repellat quo aliquam aut.'),(40,'Rerum eos cumque commodi.',9,3,4,'2007-05-01','Facere quis voluptatibus sunt. Quia ipsum ea qui at. Neque eaque molestiae doloribus est.'),(41,'Atque nisi voluptatem earum.',115,6,8,'1982-02-25','Dolore quis magnam sunt quos pariatur a. Odio rem quis illum architecto earum sunt tempora.'),(42,'Ut perspiciatis odio culpa.',79,4,12,'1981-02-25','Rerum molestias quam debitis reiciendis. Quos repudiandae officiis non excepturi. Maxime id deleniti ducimus officia voluptatem qui.'),(43,'Quo in modi et.',105,5,9,'1999-08-04','Rerum id distinctio excepturi vel eos ut sunt. Reprehenderit et id sed eum eaque iusto reprehenderit. Qui dolor deserunt unde deserunt.'),(44,'Perferendis dolor quidem.',77,4,5,'1974-09-04','Facilis est veniam aut ut. Quidem est sequi et ullam deserunt ducimus. Ratione quidem quae magni quo necessitatibus et.'),(45,'Aliquam velit ipsa molestiae.',63,3,9,'1976-10-02','Itaque illo est unde voluptatibus quod. Ullam et inventore molestias perferendis. Ut enim placeat odio.'),(46,'Hic ut pariatur.',90,6,6,'2017-04-09','Consequuntur possimus molestias culpa voluptatibus neque. Vel reprehenderit amet ut et facere odio. Vitae molestiae quam nihil explicabo possimus voluptate. Vel incidunt molestiae atque.'),(47,'Quam ut iste.',49,7,5,'2001-01-26','Labore quisquam id vel et velit ipsam veritatis. Rerum est libero nam reiciendis. Perspiciatis et reiciendis error et est. Velit enim est consequatur et voluptatem.'),(48,'Rerum provident cupiditate.',20,1,2,'2017-10-17','Necessitatibus nulla commodi expedita quod vitae. Dolorem velit enim dolorum ratione autem nobis. Quaerat et omnis soluta. Rem sed quibusdam doloremque tempora voluptatum aut.'),(49,'Aliquam placeat dignissimos nemo.',114,1,13,'1984-02-12','Nemo nisi nesciunt nulla commodi sequi. Qui architecto aliquam molestiae neque et. Sit commodi nemo dolorum nihil id hic quae. Voluptas quia veritatis laudantium ut nulla temporibus est eveniet.'),(50,'Hic dolorum omnis.',68,2,3,'2007-12-06','Saepe aut sit non et et. Amet dolorem adipisci nisi rerum culpa. Voluptas in corporis perferendis aut id eos sed. Sed inventore atque aliquid nam nisi veritatis aperiam.'),(51,'Sequi et.',98,1,12,'1997-11-12','Deleniti et est accusamus qui dignissimos. Omnis aut occaecati aliquam dolor consequuntur fuga autem aut. Tempora assumenda alias nesciunt voluptates. Vero commodi itaque sed molestiae.'),(52,'Perspiciatis quos harum eligendi.',42,6,4,'1980-04-27','Alias consequatur consectetur cupiditate ut enim. Neque voluptate magni odio eveniet vitae. Numquam libero itaque dicta iste praesentium. Sapiente libero explicabo ut neque facilis nisi.'),(53,'Est voluptatibus autem ipsum.',14,4,12,'2015-03-09','Eligendi voluptas autem necessitatibus qui qui sit. Dolorum iure commodi dolor facilis eos aut animi. Voluptate doloremque qui in ut et cumque aut. Libero est optio optio veniam.'),(54,'Deserunt rem dolorum et quia.',89,1,4,'1974-03-04','Amet dolore alias esse quo. Ipsum odio cum voluptatum rerum iure voluptate. Quasi optio dolor non in. Omnis molestiae ea amet aliquam hic omnis.'),(55,'Ut similique ea.',3,5,9,'1980-10-20','Nihil veritatis cumque quod sit maiores. Et corrupti est molestias. Voluptas et error error error fuga dolores. Quis odio dolorem dolore molestiae veniam.'),(56,'Est quia quam nisi.',80,2,4,'2017-05-15','Voluptatem est est ut eligendi fuga. Ad impedit at sit praesentium aperiam necessitatibus in aliquid. Sapiente commodi ut qui quo necessitatibus sit.'),(57,'Voluptas magnam voluptatibus nihil.',5,5,1,'2015-05-15','Commodi quia voluptatem quam eum. Temporibus et voluptatum eius dolor numquam. Omnis nisi eos facere dolores nostrum quod qui minus. Voluptatem nisi sit nam praesentium et consectetur.'),(58,'Expedita neque laudantium.',49,6,2,'2012-10-18','Atque amet qui et nobis. Fugiat voluptatem exercitationem minima quas consequatur. Eaque velit excepturi reiciendis enim libero eum ut.'),(59,'Velit nihil quo voluptatem tenetur.',64,5,4,'1985-04-13','Sint iste ipsum culpa nihil. Animi debitis sit voluptate. Quaerat sit architecto est officiis iure. Enim ducimus esse rem atque.'),(60,'Voluptas at sequi.',47,1,6,'1976-11-12','Nulla suscipit cupiditate et voluptas accusamus. Soluta nulla id et cupiditate. Voluptatibus aut et tempore quod qui temporibus voluptates. Quas odit et assumenda id. Ut quis iusto qui eveniet.'),(61,'Ullam mollitia.',74,7,7,'2006-11-12','Sint aut rerum veritatis cupiditate. Quia aut eum molestiae iure. Quos eligendi nam expedita repudiandae illo. Molestiae non dolorem aut amet et temporibus nemo.'),(62,'Adipisci aut et.',55,2,2,'1982-06-07','Eos nihil mollitia est quia. Laboriosam itaque molestias quia sunt nihil. Aut odit iusto voluptates quas consequuntur eos at. Et dolorem maxime sit mollitia impedit aliquid eligendi. Consequatur enim et minus in quis praesentium explicabo.'),(63,'Illo molestias porro mollitia.',87,3,8,'1971-11-16','Molestiae dignissimos exercitationem autem dolor praesentium. Distinctio enim eveniet aliquam. Libero molestias fugiat fugiat ut. Vero sunt aut totam dolorem.'),(64,'Quae maiores nulla.',60,8,8,'1989-01-15','Provident enim consectetur numquam aliquid dolorum nam ut. Cupiditate dolore ab sed et recusandae quia. Excepturi aut autem accusantium distinctio eum.'),(65,'Amet temporibus voluptatem.',96,1,1,'1978-01-12','Adipisci minus nisi corrupti similique. Ex non dolor omnis. Velit eos voluptas quos incidunt voluptatem quibusdam.'),(66,'Quas velit velit itaque nesciunt.',40,5,4,'1993-02-22','Dolore impedit deserunt dolorum assumenda quisquam ut. Quia ut ipsa ullam reprehenderit iste quae laudantium. Repellendus aut iure sit quod sapiente.'),(67,'Est ut at.',77,6,12,'1974-03-20','Accusamus officia aut distinctio tenetur cumque. Accusantium ut qui doloribus aspernatur quod dolores eligendi. Ab eos voluptatem ex maxime amet molestiae odit.'),(68,'Voluptatem facilis quos architecto.',83,1,8,'1979-10-31','Voluptas sint qui et dicta explicabo ipsa et. Et necessitatibus architecto ducimus quis deleniti culpa odio. Assumenda sit voluptas expedita pariatur. Numquam reiciendis assumenda sit impedit est cumque.'),(69,'Voluptatem harum alias recusandae.',102,5,3,'2000-06-19','Amet soluta sit distinctio ullam amet nihil. Ut delectus tempora non nobis quisquam maxime. Aliquid sint ea labore possimus numquam.'),(70,'Sequi distinctio eveniet.',2,7,4,'1988-04-20','Labore id nihil nostrum labore nemo qui explicabo. In illum omnis asperiores tempora. Aut ut sed officiis quaerat.'),(71,'Qui hic dolor.',54,4,2,'2005-12-20','Eum facere assumenda placeat doloremque inventore. Numquam quaerat dicta reiciendis voluptas maxime impedit mollitia possimus. Incidunt nam sed dolorum. Quas odio aut corporis sit.'),(72,'Assumenda eveniet nemo.',111,7,5,'2002-01-01','Illum voluptatum deleniti exercitationem culpa. Facilis unde officia sint corporis quo reprehenderit consequatur sunt.'),(73,'Veniam officiis impedit.',121,5,9,'1993-02-13','Enim dolorem ut aut nobis necessitatibus aliquid quos. A non quo corporis non doloribus eaque labore.'),(74,'Incidunt alias numquam.',59,8,9,'2017-05-26','Suscipit unde tenetur non neque quod ut. Quaerat perspiciatis laborum aut reprehenderit dolore. Nostrum sint et aut est ratione itaque ea maxime.'),(75,'Consequatur voluptate sint aut.',2,6,9,'2003-09-06','Inventore officia rem sed adipisci sit magni. Aut ducimus et dignissimos sed vel. Est omnis ea culpa. Qui nostrum quam nemo beatae ut deleniti.'),(76,'Recusandae iste delectus sapiente nulla.',10,1,4,'1984-03-05','Qui qui est dicta voluptatum soluta maxime. Dolorem velit non velit pariatur eveniet molestias. Voluptatem velit corporis ducimus qui nemo. Fugit dolorum facere vel ipsum. Nobis quam ut et sapiente possimus dolorum est.'),(77,'Ipsum impedit ut ut.',44,5,13,'1998-09-06','Eum rerum et fugit ipsa corporis sequi est aperiam. Iusto blanditiis dolorum delectus quaerat veritatis veniam aperiam. Facere quibusdam velit sequi animi repudiandae necessitatibus.'),(78,'Voluptatem nihil est sed.',23,2,13,'1980-06-20','Iure est quidem omnis sapiente. Ut recusandae quaerat ut quam incidunt libero.'),(79,'Dolore hic magni voluptatem.',95,1,6,'2012-04-07','Cum et deleniti ut. Consequuntur a rerum facilis fuga ut aut. Unde provident quaerat et sit sint.'),(80,'Et porro corrupti cum.',114,1,5,'1988-09-24','Non nulla excepturi sint nam eaque. A dolorem qui eum laborum praesentium. Odit et quo qui sed. Quod praesentium dolores omnis nesciunt eum.'),(81,'Veniam ipsam eius.',19,4,11,'1975-05-14','Quos laudantium reprehenderit sequi non accusamus velit cupiditate dicta. Voluptatibus sunt saepe omnis optio dignissimos minus doloremque. Fugiat esse dicta consequatur odit maiores eos.'),(82,'Expedita est ipsa dolorem repudiandae.',36,3,9,'1998-05-13','Est consequatur tenetur consequuntur aliquam velit et. Debitis aut in ipsa sint. Alias eligendi velit esse at ab sit molestiae. Eveniet veniam illo provident dolorem voluptatem odit laudantium sed.'),(83,'Iure necessitatibus culpa.',79,2,2,'1974-03-11','Odit nihil et eius eum. Iusto laboriosam aliquam voluptatem nostrum quo. Debitis suscipit enim dolor cum voluptatem saepe. Neque enim esse voluptas illo enim id et. Repellat in atque placeat eum numquam.'),(84,'Sed dolorum numquam.',29,6,1,'2016-01-13','Ducimus et reprehenderit commodi cumque hic et. Error voluptate quasi architecto. Eum harum dolores aut corrupti voluptatem et minima.'),(85,'Reprehenderit doloremque quasi.',107,6,11,'2014-01-31','Hic eum error consequatur quo exercitationem excepturi quisquam. Molestiae ipsam sit minima. Quisquam error veniam deleniti ut voluptatem corporis suscipit. Sit dolorem adipisci assumenda rerum at earum aliquam tenetur.'),(86,'Eveniet possimus accusantium assumenda.',55,6,11,'2013-12-28','Rerum tempore consequuntur sunt temporibus laudantium et. Esse impedit quos odio et magni sed. Quaerat facilis eum molestiae quos dolores. Pariatur nam et esse debitis atque qui.'),(87,'Maiores facilis in molestiae facere.',84,1,6,'1970-03-11','Voluptatum perferendis maxime natus. Omnis labore dicta aut quae. Cum voluptas pariatur corrupti ipsam error voluptates. Inventore sit nostrum eos eos ad sed. Ut et id quia voluptas.'),(88,'Consequatur ipsa ut.',68,3,9,'2004-03-26','Voluptate debitis inventore beatae autem eveniet sequi saepe. Doloremque exercitationem eveniet corporis occaecati blanditiis velit est. Harum porro doloribus ipsam omnis beatae. Iste quisquam illum laboriosam.'),(89,'Quas fugiat iste animi natus.',55,8,9,'1970-11-30','Voluptates a tempore eius. Facere dolorem non fugiat quis sunt est suscipit. Eum qui vel voluptatibus corrupti quis.'),(90,'Vel pariatur nostrum maxime.',109,7,9,'1975-10-20','Necessitatibus nobis laboriosam natus molestiae. Id vitae dolorem possimus alias. Pariatur velit culpa aut maiores. Tenetur ex neque repudiandae unde quisquam corporis.'),(91,'Voluptas voluptatem dolorum.',16,1,1,'2014-02-19','Perspiciatis dolorem nemo sint laboriosam et. Quod dolorem molestiae natus quidem ea ut. Qui ipsum ut ipsam aut harum ut officiis reiciendis.'),(92,'Veniam debitis rerum similique.',110,3,5,'1979-12-02','Earum qui occaecati nobis rem sit omnis molestias qui. Minima qui voluptatem aut. Qui praesentium sunt minus sit quidem deleniti laudantium. Et veniam voluptatem mollitia totam est adipisci.'),(93,'Rem esse voluptas.',54,8,8,'1972-05-05','Vitae excepturi dolorem eveniet atque fugiat. Natus qui debitis dolorem explicabo asperiores neque ipsum exercitationem.'),(94,'Non voluptatem sapiente voluptas ut.',66,1,3,'2015-11-15','Quibusdam velit ut deserunt odio deserunt voluptas aspernatur. Eos et voluptatem inventore consectetur qui eligendi explicabo. Voluptates ducimus consequatur quis dolores.'),(95,'Dolorem est.',73,8,13,'1973-04-08','Quibusdam ex quae consectetur sint velit neque. Eveniet iusto et deserunt itaque quasi placeat sequi. Repellat et ut eos perferendis ullam sint. Distinctio perferendis est consequatur modi. Qui illum quis beatae nam corporis nulla veritatis.'),(96,'Id omnis quos.',42,3,9,'1981-08-28','In autem quidem nihil ex explicabo modi enim. Nihil officiis dolor aut ut. Minima alias consequatur eaque fugiat excepturi excepturi voluptatum dignissimos. Vero magni est animi rerum in natus. Facere harum hic ut.'),(97,'Sunt neque voluptatem aut.',12,8,10,'2010-04-19','Est aspernatur et libero et. Omnis et et unde consectetur cumque. Officiis omnis sint perspiciatis iste voluptas fugiat sapiente ipsa.'),(98,'Ut ut cumque.',59,5,14,'2010-08-21','Consequuntur vel exercitationem ullam doloremque incidunt aut. Tenetur voluptas aut delectus nisi.'),(99,'Nostrum sed.',6,8,14,'1976-05-08','Et itaque porro enim iste aperiam ut optio dolor. Perspiciatis voluptatum ut et quidem ipsam atque in. In dolores aperiam soluta fugiat.'),(100,'Eveniet qui unde blanditiis.',84,7,12,'2019-10-12','Quisquam ut velit sunt quis explicabo aspernatur amet at. Nam totam nostrum fugiat nemo. Deserunt molestias voluptas in sed atque quasi tempora qui.'),(101,'Voluptatem et.',34,7,12,'1977-10-20','Et omnis neque quo. Et alias id nemo repudiandae molestiae minima aliquid. Recusandae id accusamus earum architecto cumque aspernatur dolor aut. Tempora sit sapiente corporis.'),(102,'Officiis praesentium culpa.',41,6,2,'1982-08-02','Exercitationem ad consequatur ut quia quis repellat beatae. Magnam et perspiciatis aliquid dolore.'),(103,'Occaecati ipsam repellendus.',84,2,14,'2019-05-10','Voluptas iure suscipit sit mollitia autem earum alias. Ab ratione nisi fugiat provident iusto. Voluptas fugiat quidem molestiae.'),(104,'Qui debitis modi itaque cupiditate.',25,6,1,'1983-02-25','Voluptatem eveniet consectetur quis odit. Culpa quos debitis ut repellendus accusamus molestias nam. Est laudantium nesciunt quas facilis quo.'),(105,'Maiores occaecati ut.',52,2,14,'2018-06-12','Amet ducimus neque error voluptates. Dolorem in quae et error quos illo dolores aut. Cupiditate repellat illum autem. Est nobis nam temporibus necessitatibus.'),(106,'Eligendi nesciunt ipsam.',37,5,5,'2011-06-13','Neque voluptatem voluptatem distinctio quaerat hic. Quis deserunt perferendis ex est. Explicabo minus et distinctio qui eaque consequuntur eveniet quia.'),(107,'Et consequuntur aut quos.',118,5,5,'2012-03-14','Est provident corrupti est ipsam dolorem fugit. Placeat in ab velit libero ex. Laborum perferendis tempore aut velit quisquam aut omnis.'),(108,'Magnam qui magni.',81,1,12,'1999-09-09','Facilis dolorem consequuntur similique distinctio impedit et non. Fugiat at non id aut voluptatibus ea. Consectetur tenetur est exercitationem quis blanditiis quae.'),(109,'Voluptas vero ab.',77,1,11,'1991-07-29','Enim magnam officia aut assumenda rem et odit. Nulla voluptas repellendus eos aut porro enim. Et illum similique sint non.'),(110,'Ullam architecto illum accusamus.',71,6,7,'1979-03-13','Sunt blanditiis adipisci dolorem aspernatur eveniet. Minima cum cum molestiae voluptate minima unde. Et sed quisquam aut corporis itaque. Praesentium et corrupti et optio aut.'),(111,'Vero rerum.',47,1,6,'2009-06-27','Optio officia enim optio impedit. Illum id qui neque fugiat aut. Alias ut illo debitis ipsam consequatur velit.'),(112,'Inventore adipisci aliquam dolores.',22,3,2,'1985-07-01','Aliquam consequatur repellat recusandae ut provident rem magni. Minus tenetur neque velit alias pariatur expedita quidem. In nam est vero soluta blanditiis maiores.'),(113,'Assumenda est qui deserunt.',34,8,3,'1981-01-04','Neque repudiandae omnis ipsum omnis quam quis. Animi atque ab quo sed a numquam. Expedita dolor eaque praesentium accusamus. Nesciunt sed ea aut. Veniam non consequatur numquam.'),(114,'Labore ducimus rem omnis molestiae.',30,2,12,'1993-12-27','Nobis totam laborum reiciendis. Expedita autem quia possimus. Dolores ipsum voluptatum nobis hic vero. Quae culpa tempore quibusdam.'),(115,'Qui ex accusamus.',39,5,1,'2011-03-18','Dolorem omnis dicta aliquid expedita. Ut sit temporibus adipisci qui pariatur facilis soluta. Tempora voluptatum et aut iure animi.'),(116,'In voluptatem voluptatibus dolores.',38,7,8,'1986-08-10','Iure aliquam impedit fugit nobis laboriosam aspernatur repellendus occaecati. Sint ut repudiandae est ea repudiandae labore voluptatem. Rerum magni quae ut quo non omnis.'),(117,'Distinctio et.',81,6,2,'2016-03-17','Vitae laudantium perspiciatis voluptatem ex. Minus harum sint sunt suscipit. Qui qui ut sit in itaque.'),(118,'Iusto eos exercitationem repudiandae.',122,3,3,'1991-07-15','Exercitationem cupiditate error officia eos culpa quae enim totam. A labore aut ad inventore autem. Id nulla debitis exercitationem hic blanditiis error et. Illum omnis aut sed veniam sequi.'),(119,'Recusandae incidunt et et.',98,8,5,'2003-02-21','Aut aperiam et quod sapiente saepe inventore non. Sit perferendis neque ut nesciunt quia sunt aut. Minima repellendus debitis autem aut voluptatem. Ut nihil soluta provident voluptatem. Qui placeat atque laboriosam adipisci in magni.'),(120,'Dolor et ut.',64,4,1,'1998-02-15','Consequatur mollitia et quis. Nihil dolorem vero voluptatem et neque blanditiis. Non omnis voluptatem aut porro fuga consectetur minus. Voluptatem numquam omnis repellendus. Voluptatem voluptatem consequatur quos ratione dolore et.'),(121,'Perferendis quia id perspiciatis.',127,7,1,'1994-05-01','Eius repellendus fuga rerum officiis rerum dolorem labore. Illo tenetur qui in nobis blanditiis qui. Architecto libero modi eos et a consequatur dolor. Laudantium similique ut id. Omnis autem qui amet.'),(122,'Aliquid corporis deleniti.',44,1,5,'2006-10-13','Labore repellat animi maxime. Numquam mollitia ipsa veritatis sapiente. Rerum quibusdam ratione et possimus.'),(123,'Et iure assumenda unde.',54,3,5,'1993-07-13','Sed possimus qui neque blanditiis. Nihil necessitatibus iusto fugit iste.'),(124,'Vitae temporibus aut ipsam.',80,4,7,'2011-10-24','Recusandae animi autem id aut aliquam doloribus dicta accusantium. Nostrum et et in dolor dicta. Et voluptatem corporis illum ut. Numquam veniam animi aut natus qui expedita.'),(125,'Et eaque omnis provident.',58,7,1,'1995-10-12','Vitae ut aspernatur et voluptates. Incidunt incidunt beatae officia magni eos quod maxime. Saepe quis rerum officia odio. Id ducimus cumque hic possimus et provident molestiae consequuntur.'),(126,'Ducimus ipsum sit.',61,1,12,'2015-01-03','Quia excepturi rerum quos. Hic consequatur et et dolores magni ut minus unde. Nemo doloremque animi placeat in eius et. Iure animi repellat et voluptatem.'),(127,'Eos quam.',1,6,8,'2009-11-19','Molestiae vel maxime maxime. Delectus voluptatibus sint temporibus et qui quidem id. Voluptas repellat hic placeat necessitatibus voluptas fuga a.'),(128,'Exercitationem adipisci et.',18,6,13,'1973-03-03','Quia repellat aut et sed voluptas. Quia ea fuga recusandae et autem dolore ut ex. Non et quia ipsa quia eum quaerat impedit. Ut modi eum blanditiis illum earum ipsam.'),(129,'Assumenda et vel maiores.',43,4,13,'1983-05-22','Dolores occaecati saepe rerum sequi consectetur itaque ipsum libero. Nam omnis sit dolores in ut et. Exercitationem dolor qui temporibus impedit. Aliquid sunt molestiae et molestias asperiores libero minus quo.'),(130,'Qui consequatur similique eligendi.',81,8,6,'1999-03-07','Exercitationem est sed dolorem ut ea ut. Sint quis cumque occaecati saepe quis asperiores quos. Voluptatibus voluptatibus praesentium debitis ipsam vitae. Quidem quas ut voluptates vel repellendus.'),(131,'Voluptas sapiente consequuntur repudiandae.',85,7,3,'1982-02-21','Laudantium voluptas aspernatur nemo ut et voluptate placeat quos. Voluptatem saepe rerum at voluptas perferendis cupiditate omnis. Amet omnis voluptas amet illo quos dolorum inventore.'),(132,'Aut enim voluptatem.',90,2,3,'1976-05-29','Molestiae voluptatibus quos tenetur eos. Earum debitis cupiditate enim ut error quis esse. Non a aut perspiciatis laudantium aut eos cum. Pariatur reprehenderit nulla reprehenderit est doloribus.'),(133,'Qui at et vel.',6,5,7,'1980-05-12','Et incidunt ipsa illo et. Debitis dolore iste tempora similique aut. Velit totam aut quia et.'),(134,'Quidem voluptas similique sunt.',47,2,14,'1986-03-04','Accusantium eius quo autem velit laborum. Sit vitae veniam at quis maxime. Non deleniti ipsum facere mollitia. Rerum aut et accusantium est velit et.'),(135,'Officiis aut possimus veniam aliquam.',107,6,11,'2001-11-13','Iusto dolor deleniti nobis dolor occaecati quia doloribus repellat. Qui unde porro cumque error veniam vel. Et aliquam et culpa numquam soluta omnis velit. Assumenda et est minima nihil. Quas perferendis alias qui quos.'),(136,'Illo in commodi delectus.',109,2,12,'1988-06-25','Tempore error voluptas soluta molestiae magni in. Facilis soluta deleniti quo fugiat autem sit quidem. Maxime debitis officia at ipsa ducimus commodi quia est. Minima dolor iusto enim ad quaerat iusto consectetur.'),(137,'At error ipsa.',88,2,8,'2007-07-07','Non ut enim consectetur doloribus et aut iure expedita. Amet eaque voluptatibus sit aliquid odit ut. Deleniti temporibus veritatis quas qui quia illum.'),(138,'Suscipit incidunt asperiores.',32,3,3,'1997-02-03','Sit facilis et nisi excepturi earum ut fuga. Sapiente laborum earum recusandae similique et incidunt distinctio. Nihil numquam asperiores dolores sequi velit totam. Neque sit impedit nobis eveniet.'),(139,'Vel natus accusamus.',22,5,9,'1994-06-07','Voluptatum soluta consequuntur illo voluptas iusto vel. Asperiores eaque id culpa odit numquam dolorem at.'),(140,'Dolore odit.',5,2,7,'1991-12-26','Voluptatem enim eaque officiis quasi reprehenderit aperiam. Recusandae voluptatum nesciunt earum qui reiciendis eum. Dolor esse veniam et corporis.'),(141,'Magni facere labore aut.',52,7,5,'1989-04-24','Blanditiis doloribus doloribus nobis cum. Quis corrupti illum doloribus sapiente sit. Voluptas fugiat laboriosam neque ut asperiores reprehenderit quos amet. Odit saepe facilis itaque incidunt.'),(142,'Aut ullam delectus in.',78,5,7,'2017-06-12','Asperiores dolor delectus omnis. Iure impedit saepe neque ipsum. Eligendi culpa mollitia ab illo. Repellendus ut sunt at porro deleniti ut.'),(143,'Maxime accusamus neque.',105,5,2,'1992-07-18','Quasi officiis amet eligendi. Qui maiores rem sint laborum quia et non. Est quo consequatur aperiam quis consectetur dolorum dignissimos dolor. Eaque tenetur voluptatem quaerat praesentium vel.'),(144,'Nisi et necessitatibus est.',37,8,5,'1970-06-19','Voluptas possimus nostrum voluptatem tempore. Et architecto eum reiciendis dolorem. Amet rerum dolor quam eligendi tempora est.'),(145,'Rerum voluptatem.',33,7,14,'2001-01-17','Et optio laborum sint sit debitis repudiandae earum a. Et amet occaecati deleniti eum. Deleniti et nemo voluptate sed non labore deserunt. Velit molestiae est id voluptatem eligendi.'),(146,'Suscipit voluptas hic eum incidunt.',3,5,2,'1991-01-20','Provident soluta consequuntur explicabo dolorum. Distinctio optio tempora vel soluta. Fugiat ut sint ut quas quam in.'),(147,'Et molestiae.',114,3,4,'1995-12-01','Natus accusamus numquam aut magnam enim blanditiis. Maxime unde ea porro quia ab repellat corrupti. Aut perferendis veritatis autem quia. Autem ipsum nesciunt eligendi quam voluptas amet quos corrupti.'),(148,'Eius a ea in ad.',55,5,7,'2008-05-05','Esse sunt laborum quia consequatur minima dolores. Eos culpa placeat ab odit iure qui rem. Sequi quisquam eius alias aperiam qui est. Sint enim quaerat voluptate vel inventore expedita.'),(149,'Quod hic porro.',79,6,2,'2007-10-07','Vero quia corrupti quo ullam. Praesentium earum dicta eos impedit officiis. Similique fugit rerum placeat sit sed. Vero quidem enim occaecati unde qui et possimus.'),(150,'Optio rerum id ut.',24,6,5,'2004-10-18','Eos veritatis et iste voluptas. Consequuntur atque accusamus minus eaque nisi ratione aut aut. Ea exercitationem sunt optio ut consectetur voluptatem a. Sunt ipsam maxime error tenetur inventore qui dolorem.'),(151,'A hic aspernatur ducimus.',83,1,3,'1970-01-17','Quaerat ut natus exercitationem eum. Quidem numquam consequuntur odit maiores. Cum consequuntur consequatur sed id.'),(152,'Neque amet sed.',122,6,11,'2016-11-12','Ut ipsa occaecati ut ducimus. Vel et aut repellat maiores dolorem esse. Dolore corporis expedita dolorum ad optio totam. Minus eveniet quisquam rerum et voluptatibus. Placeat beatae sed ex.'),(153,'Numquam quo iure quidem.',57,5,5,'1983-11-02','Dicta dolorem totam fuga et omnis voluptate. Aut et suscipit voluptates. Non neque nihil aut dolore beatae animi. Exercitationem cum velit qui quasi velit error non.'),(154,'Id enim ad nemo.',69,7,4,'1972-04-23','At commodi consequatur voluptas consectetur. Amet sint facilis distinctio consequatur cum ratione. Quos cum consectetur sunt unde nisi minus ut atque. Id blanditiis aperiam cum molestiae necessitatibus ut eligendi numquam.'),(155,'Quasi et suscipit voluptatem.',108,1,1,'1970-11-02','Aspernatur et voluptatem hic omnis enim. Enim eum ea harum similique. Beatae et hic non qui alias. Blanditiis sit aut praesentium omnis sed delectus.'),(156,'Reprehenderit dolores praesentium rerum.',103,1,10,'2015-11-29','Ea quo voluptas cum consequuntur adipisci. Sapiente molestias minus culpa libero deserunt. Hic quidem facilis minus minus sit. Quo architecto in cupiditate similique.'),(157,'Eveniet consectetur qui eos.',115,8,14,'1982-10-07','Qui quasi occaecati ab totam necessitatibus perspiciatis nostrum. Natus delectus ea blanditiis accusamus eius maxime quis est. Numquam quos autem architecto non. Voluptas unde in similique.'),(158,'Cum quia et eos ut.',13,3,7,'1988-07-04','Non architecto dolore enim dignissimos voluptatem explicabo. Nesciunt nihil sunt laborum omnis et fuga doloremque doloribus. Id ab eos odit maiores nihil consequatur debitis.'),(159,'Inventore quod nihil molestiae exercitationem.',75,8,3,'1993-08-24','Et velit eligendi hic voluptate earum sunt voluptas. Voluptatum enim nostrum et cumque. Numquam exercitationem iste ex non. Maiores quod id dolor qui eum debitis.'),(160,'Velit est officia.',85,2,13,'2013-11-08','Et omnis eius est odit consequatur quia aut. Consectetur facilis ea quis. Sit qui totam odit qui dignissimos aut aperiam.'),(161,'Aut ut.',123,7,1,'2016-09-17','Velit reprehenderit optio nisi ut commodi optio incidunt. Qui quo est eos labore culpa non numquam. Dolorem praesentium ea et sapiente. Sed et sint vel ipsum ut velit soluta dolor.'),(162,'Vitae in qui.',13,6,10,'1984-07-04','Impedit veritatis neque quidem dolorem aut aliquid. Totam dolore sit impedit recusandae non occaecati quia quos. Similique veniam ex voluptatem perferendis harum repellendus et. Sint sequi laboriosam voluptatum quia consequatur laboriosam.'),(163,'Qui qui minus deserunt.',106,2,4,'1995-10-22','Laborum atque quam facere quibusdam nihil unde facere. Neque reprehenderit quo quibusdam delectus. Consequatur voluptatem molestiae eligendi cupiditate sit provident eum. Voluptas libero optio vero quas qui tempore minus quaerat.'),(164,'Aut enim exercitationem veniam.',17,6,1,'1987-02-21','Non asperiores dolorem magnam quam corrupti nihil. Deserunt ut pariatur laudantium odio ullam et. Porro distinctio impedit ea animi magni ea.'),(165,'Officiis placeat occaecati.',53,4,1,'1988-01-29','Ut enim nihil perferendis tempore. Dolore consequuntur deleniti sit eaque quo. Impedit non quia consequatur quis quod doloribus accusantium labore.'),(166,'Asperiores a rem.',61,3,2,'2009-05-12','Voluptas velit nisi omnis dicta velit explicabo voluptatem sint. Facilis eveniet quo rerum. Reprehenderit dolore consequatur consequatur in nam rerum. Qui consequatur sed ad rerum aut nostrum.'),(167,'Voluptas autem doloribus quia.',18,2,1,'1980-10-11','Facere quia recusandae perspiciatis omnis et. Similique aspernatur facilis id ut soluta minima. Corrupti voluptatum ea cum accusamus.'),(168,'Dignissimos accusantium id expedita.',12,3,6,'1981-08-18','Molestiae eos magni qui tempore dicta ipsum et minima. Quam qui ipsam dolorum cum occaecati unde voluptas. Corporis ipsam iure illum doloribus harum consequuntur odio necessitatibus.'),(169,'Harum eos voluptatem.',75,7,6,'1991-06-14','Possimus iusto ullam fugit voluptate. Quos aperiam qui libero aut quia ipsam at. Ad fuga quia sunt aut.'),(170,'Culpa accusamus vel esse.',96,4,8,'1977-06-20','Et esse eaque eaque repellat quis est architecto. Quae earum quasi delectus. Autem ut rerum ea eos inventore corporis. Magnam modi fugit et sit tempora.'),(171,'Error ea.',82,4,4,'2003-12-19','Cumque veritatis aperiam et laborum reprehenderit sed. Ut quidem commodi totam ut asperiores praesentium. Esse tenetur ut ut nesciunt nostrum. Velit sit enim adipisci praesentium qui.'),(172,'Aut rerum dolorem nesciunt.',82,5,14,'1988-11-24','Consequuntur vel aut sequi quas suscipit omnis nam. Beatae vero rerum et. Nisi veritatis qui dolore omnis sed blanditiis.'),(173,'Sed reiciendis ea deleniti.',44,3,2,'1977-09-19','Enim quas et placeat ut. Aut ullam et eligendi illo rerum ut. Id at libero labore error unde quisquam iure.'),(174,'Sunt tempora veritatis.',73,4,11,'2015-06-22','Harum dolores voluptatibus quasi vel sint esse. Odio voluptatum at et quia quaerat eaque. Velit quisquam non voluptatum inventore. Voluptates mollitia quod ducimus est.'),(175,'Ut repellendus vitae aut.',74,7,4,'1990-04-15','Dolorum eaque cupiditate et. Corporis aut quia ut voluptatem harum inventore quia. Omnis dolore est aut aspernatur reiciendis. Et et et et culpa quia dolores voluptatum.'),(176,'Aut molestias soluta.',81,3,8,'2018-10-08','Aut magnam veritatis et consequatur recusandae eveniet omnis. Beatae vitae inventore eum rem enim asperiores. Aut est qui praesentium nobis labore et dignissimos.'),(177,'Molestiae nisi deserunt.',97,4,10,'1986-01-30','Aliquid doloremque minima in voluptatem. Dolore modi rerum ipsam ut quas dignissimos sed. Et qui sapiente numquam ut.'),(178,'Est eos ex suscipit.',104,5,14,'1975-02-13','Sunt quisquam voluptatem quidem iste veniam. Cum non cupiditate cupiditate temporibus distinctio natus dolore. Ea optio odio dolore repellat velit qui. Modi maiores et consequatur ratione.'),(179,'Eaque placeat voluptatem quia.',28,2,11,'2017-02-19','Dicta ipsam voluptatem reprehenderit nemo cum qui sint. Ut quis qui mollitia ut atque quia. Qui necessitatibus aut et et suscipit impedit. Nam nam praesentium illo doloribus aut.'),(180,'Ut enim.',75,7,4,'1975-08-05','Similique eum rerum atque repellendus voluptatem officia molestiae. Explicabo magnam hic ad neque velit quasi. Rerum et eius corrupti omnis. Voluptatem quod ut fuga dolores libero. Doloribus odio in veniam.'),(181,'Eum aut magnam.',11,4,10,'2000-05-10','Iure rerum voluptatum aut qui. Non ex temporibus earum ipsam nesciunt ducimus. Aliquam deserunt iste iure cum aut autem accusamus maiores.'),(182,'Id dolores unde.',46,1,3,'2003-04-22','Ea accusamus atque necessitatibus fugiat asperiores. Fugiat id molestias aperiam fugit odit. Suscipit rerum recusandae assumenda ipsa odit.'),(183,'Ut incidunt doloribus molestias.',43,4,8,'1996-06-25','Ipsa explicabo dolorem soluta voluptas. Aliquam consequuntur sint sit fuga.'),(184,'Vel culpa fugit non.',58,1,14,'2018-09-10','Odio eum culpa impedit rerum laboriosam. Asperiores voluptatem eligendi rerum eligendi ullam quidem. Harum ut ut fugiat ratione. Et eligendi consequatur eum eum.'),(185,'Dicta aut qui molestias.',28,5,13,'2017-11-09','Quisquam fugit quis et dolor autem. Exercitationem temporibus dolorem ratione nesciunt rerum. Ut necessitatibus perspiciatis quis quaerat. Aut dignissimos dolorem eius vel velit dolorum omnis quod. Pariatur sit deserunt suscipit veritatis.'),(186,'Optio vel est.',63,2,3,'2014-04-30','Enim quia quo voluptas minus optio. Et ab aperiam earum amet occaecati minus nesciunt. Autem dignissimos optio velit illo voluptatem. In sit voluptatem dolorum deserunt qui non expedita consectetur.'),(187,'Neque quia qui doloribus voluptatem.',3,8,10,'2008-01-21','Enim expedita est non debitis ullam exercitationem consequuntur nobis. Accusantium ipsam necessitatibus dolorum architecto cupiditate vitae. Rerum atque quis ex est laboriosam.'),(188,'Vel quod animi architecto.',94,6,3,'1979-06-15','Consequatur esse eveniet est eum. In qui dignissimos eveniet et sint nisi. Porro vel necessitatibus qui id.'),(189,'Et tenetur quis animi.',87,8,5,'1984-08-18','Eveniet pariatur ratione dolores. Excepturi illum veniam soluta eveniet. Voluptatum suscipit aut cumque dolor voluptas sequi. Nam quia cumque libero. Enim laboriosam minus enim consequatur voluptas est quibusdam.'),(190,'Itaque sed quis omnis.',58,5,3,'2016-02-17','Incidunt sed quo sed voluptate et. Possimus asperiores odio facilis numquam sit similique.'),(191,'Assumenda ad sed.',91,5,10,'2020-08-27','Nihil eligendi perspiciatis est sit est voluptatem. Et tenetur asperiores eveniet ut ut numquam quia ipsa. In nulla minima eum aut inventore qui. Et fuga omnis quos quo deserunt dignissimos recusandae harum. Quia est nihil et corporis.'),(192,'Id nihil ducimus eum.',49,8,12,'2013-08-15','Quia odit autem nobis eveniet adipisci nesciunt numquam. Expedita aliquid aut consequatur. Harum sed quis consequatur odit illum. Magnam dolor ea maxime odit eligendi.'),(193,'Beatae provident mollitia itaque.',75,3,4,'2000-01-01','Aliquid culpa voluptatem nemo nulla. Delectus corrupti inventore fugiat fugiat. Veritatis facilis at maxime inventore hic laboriosam quo. Repellat illo qui est qui iure ipsa nostrum.'),(194,'Minus nesciunt reprehenderit natus.',14,6,4,'1970-08-09','Nemo voluptatem pariatur voluptates porro et. Nobis ullam ipsam ut quo.'),(195,'Est quidem dolor.',13,8,12,'2019-10-17','Quo consequuntur harum consequatur eveniet omnis hic. Rerum illum et et iusto accusamus quia. Molestiae modi blanditiis maiores suscipit reprehenderit.'),(196,'Cupiditate ipsam aut earum.',125,4,1,'2002-11-16','Dolor eum praesentium aut nostrum. Cumque cum qui nostrum rerum corrupti quidem quisquam. Et nostrum velit et aut. Saepe fugit saepe ipsa ducimus sapiente rerum laborum blanditiis. Molestiae est sint nesciunt animi molestiae repellat.'),(197,'Aspernatur in minus a.',19,4,14,'1976-09-17','Incidunt fuga hic animi velit error ipsa quod dolorem. Tempore porro repudiandae autem non ea cupiditate et. Placeat harum occaecati quas nihil dolorem provident. Dolor totam consequatur autem cupiditate accusamus aut.'),(198,'Ea dignissimos harum dolor.',105,2,11,'2000-08-13','Sit deleniti est minus a iste. Nihil est mollitia aut. Natus eius et dolor voluptas. Omnis natus molestiae magnam fuga et fuga.'),(199,'Sed sed incidunt.',3,7,10,'2016-10-27','Eius itaque aut ipsa blanditiis aut nihil ut. Minus voluptates omnis atque ipsum voluptas rerum ipsa. Enim quas quis excepturi et quis debitis quia.'),(200,'Ullam sit non quia.',47,3,3,'2013-02-06','Dolor porro nesciunt ut unde temporibus. Iste laborum nihil doloremque aspernatur deserunt. Aut cupiditate quas modi debitis voluptas eius natus dolorem. Labore amet perspiciatis vel perferendis voluptatem.');
/*!40000 ALTER TABLE `titles` ENABLE KEYS */;
UNLOCK TABLES;

--
-- Temporary view structure for view `user_info`
--

DROP TABLE IF EXISTS `user_info`;
/*!50001 DROP VIEW IF EXISTS `user_info`*/;
SET @saved_cs_client     = @@character_set_client;
/*!50503 SET character_set_client = utf8mb4 */;
/*!50001 CREATE VIEW `user_info` AS SELECT 
 1 AS `u_id`,
 1 AS `full_name`,
 1 AS `nickname`,
 1 AS `email`,
 1 AS `name`,
 1 AS `date_of_birth`,
 1 AS `age`,
 1 AS `gender`,
 1 AS `autors`,
 1 AS `followers`,
 1 AS `following`,
 1 AS `to_wish`,
 1 AS `titles_reed`,
 1 AS `to_favorit`,
 1 AS `reviews`,
 1 AS `rated_titles`,
 1 AS `avg_rating`,
 1 AS `likes`,
 1 AS `about`*/;
SET character_set_client = @saved_cs_client;

--
-- Table structure for table `user_profiles`
--

DROP TABLE IF EXISTS `user_profiles`;
/*!40101 SET @saved_cs_client     = @@character_set_client */;
/*!50503 SET character_set_client = utf8mb4 */;
CREATE TABLE `user_profiles` (
  `user_id` bigint unsigned NOT NULL,
  `first_name` varchar(100) CHARACTER SET utf8 COLLATE utf8_unicode_ci DEFAULT ' ',
  `last_name` varchar(100) CHARACTER SET utf8 COLLATE utf8_unicode_ci DEFAULT ' ',
  `gender` enum('M','F','other','ud') CHARACTER SET utf8 COLLATE utf8_unicode_ci DEFAULT 'ud',
  `date_of_birth` date DEFAULT NULL,
  `country_id` bigint unsigned DEFAULT NULL,
  `about` varchar(350) CHARACTER SET utf8 COLLATE utf8_unicode_ci DEFAULT ' ',
  `created_at` datetime DEFAULT CURRENT_TIMESTAMP,
  `updated_at` datetime DEFAULT CURRENT_TIMESTAMP ON UPDATE CURRENT_TIMESTAMP,
  PRIMARY KEY (`user_id`),
  KEY `profiles_full_user_name_idx` (`first_name`,`last_name`),
  KEY `profiles_date_of_birth_idx` (`date_of_birth`),
  KEY `user_id` (`user_id`),
  KEY `country_id` (`country_id`),
  CONSTRAINT `user_profiles_ibfk_1` FOREIGN KEY (`user_id`) REFERENCES `users` (`id`) ON UPDATE CASCADE,
  CONSTRAINT `user_profiles_ibfk_2` FOREIGN KEY (`country_id`) REFERENCES `countries` (`id`) ON DELETE SET NULL ON UPDATE CASCADE
) ENGINE=InnoDB DEFAULT CHARSET=utf8 COLLATE=utf8_unicode_ci;
/*!40101 SET character_set_client = @saved_cs_client */;

--
-- Dumping data for table `user_profiles`
--

LOCK TABLES `user_profiles` WRITE;
/*!40000 ALTER TABLE `user_profiles` DISABLE KEYS */;
INSERT INTO `user_profiles` VALUES (1,'Valentine','Bode','ud','2010-10-31',38,'','1974-10-23 00:39:21','2014-08-04 10:50:23'),(2,'Oran','Parker','ud','2005-07-28',131,'','1998-02-13 19:11:48','2020-12-18 13:17:25'),(3,'Dudley','Bauch','ud','2013-09-08',52,'','2002-12-30 22:26:58','2020-12-18 13:17:25'),(4,'Breana','Blick','ud','1991-08-23',218,'Aliquid distinctio veniam consequatur voluptates. Vel perspiciatis veniam voluptatem ipsum ipsam inventore. Quo laboriosam inventore voluptas corporis est fuga.','1991-07-10 02:11:27','1999-12-18 05:58:24'),(5,'Joey','Gottlieb','ud','1972-06-03',189,'','1983-04-19 20:15:49','2019-06-11 22:50:06'),(6,'Tamia','Smitham','F','2011-11-12',141,'Laborum molestias eum delectus. Voluptatem ut amet ullam deleniti. Assumenda voluptas ea recusandae ullam repudiandae nostrum.','2016-05-26 08:02:19','2020-12-18 13:17:25'),(7,'Luisa','Altenwerth','ud','1985-12-04',227,'Necessitatibus distinctio deleniti labore laborum. Eius sit asperiores ut quibusdam voluptatibus.','1995-05-06 03:49:00','2006-06-14 13:10:43'),(8,'Joanny','Kovacek','ud','1977-04-04',165,'','1987-09-03 00:20:55','2020-12-18 13:17:25'),(9,'Zoey','Cronin','ud','1988-06-11',229,'Assumenda natus et labore. Esse illo voluptates adipisci nemo maiores sed. Blanditiis et dicta sed nesciunt neque voluptatum quia.','1972-04-11 08:59:56','1984-11-28 18:26:57'),(10,'Mason','Lockman','ud','2018-08-15',133,'','1980-12-19 15:38:46','1986-03-19 01:45:27'),(11,'Sylvia','Roberts','M','2002-02-20',189,'','1995-12-01 14:53:58','2020-12-18 13:17:25'),(12,'Rafaela','Batz','F','1999-05-11',45,'Quis deserunt tempore nulla earum occaecati. Amet officia eius est.','1985-07-31 01:07:27','1990-04-16 01:43:09'),(13,'Michelle','Bartell','F','1992-08-08',191,'Et corrupti nostrum quia et ducimus. Voluptatibus harum corrupti debitis aliquam ex. Eos non consequuntur officia minus quas ut enim.','2000-05-27 14:55:22','2020-12-18 13:17:25'),(14,'Leone','West','M','1999-09-06',51,'','1998-12-05 22:17:46','2012-07-26 13:48:00'),(15,'Amalia','Krajcik','F','2000-12-25',240,'Nihil eveniet cupiditate et. Voluptatem voluptatibus rerum eius dolore voluptatem quo.','2007-09-06 04:43:41','2020-12-18 13:17:25'),(16,'Edmund','Trantow','ud','1999-08-26',62,'Commodi facilis nostrum sed. Aliquid ipsa ut officia cum et ut. Libero provident ipsam voluptas possimus.','2002-06-11 12:55:57','2019-04-16 10:38:37'),(17,'Jessyca','Casper','F','2004-12-20',17,'','2009-11-19 13:53:14','2014-03-16 20:32:24'),(18,'Dedric','Beier','ud','1984-05-18',117,'','1981-10-08 09:34:49','1998-08-08 18:14:35'),(19,'Darron','Legros','ud','2006-10-19',175,'Sit inventore veritatis impedit laboriosam dignissimos optio fuga. Magni ut nam eos.','1995-04-23 00:14:46','2001-11-10 19:10:40'),(20,'Leda','Fritsch','M','1999-06-12',176,'Voluptatem dolores repellendus facilis sed esse amet. Aut sapiente quod iusto eaque.','1982-08-08 18:29:11','2020-12-18 13:17:25'),(21,'Blair','Cummerata','ud','2014-05-26',27,'','1982-07-21 13:55:26','2018-03-28 05:57:36'),(22,'Howard','Feeney','F','1977-07-21',101,'','1984-04-05 06:27:36','2020-12-18 13:17:25'),(23,'Kiera','Lowe','F','1972-06-12',167,'Vel occaecati aliquam non maxime vel impedit. Sed praesentium sed provident dicta quae cupiditate cumque eos. Et ipsum cum autem itaque cum debitis rem.','2016-06-09 13:00:15','2020-12-18 13:17:25'),(24,'Sherman','Batz','F','2007-04-12',102,'','2001-01-08 22:59:35','2020-12-18 13:17:25'),(25,'Judge','Orn','M','1986-12-04',153,'Dolor voluptatibus molestiae odio. Amet aut ipsa debitis et rerum rem. Eos omnis sed cumque aut quia reprehenderit impedit.','1991-08-05 10:39:47','2020-12-18 13:17:25'),(26,'Casper','Spencer','ud','1976-12-09',170,'','2004-06-17 05:31:30','2020-12-18 13:17:25'),(27,'Hermann','Walter','F','2007-07-31',137,'','1999-09-02 02:43:01','2020-12-18 13:17:25'),(28,'Brooks','Schuppe','M','2005-05-31',133,'Id eveniet et optio excepturi omnis. Assumenda ut natus ea sit.','2005-07-22 17:56:37','2020-12-18 13:17:25'),(29,'Karelle','Orn','M','2005-02-26',31,'Exercitationem delectus ex dicta magnam et totam quo. Laborum aut sed voluptatem nisi veritatis ea.','1973-03-06 09:34:12','1979-11-23 12:41:16'),(30,'Sabrina','Predovic','F','2015-05-01',221,'','1994-11-23 03:29:46','2008-04-09 17:29:57'),(31,'Tristian','Dach','ud','1994-12-28',161,'','1973-10-18 16:25:44','2009-11-03 08:51:19'),(32,'Arlie','Bernier','F','2000-11-25',68,'','1989-01-25 18:14:18','2004-12-06 09:55:48'),(33,'Karolann','Pollich','F','1974-07-13',112,'Atque autem est et placeat commodi. Inventore est quos ad esse incidunt voluptatem.','2018-01-27 03:47:43','2020-12-18 13:17:25'),(34,'Aditya','Gleason','M','1981-02-21',213,'','2019-04-11 23:48:51','2020-12-18 13:17:25'),(35,'Lizeth','Wilkinson','M','2011-10-13',45,'Voluptates qui doloremque ea dolor occaecati sit. Molestiae ad aut qui quia quaerat nesciunt.','2005-06-13 02:42:49','2011-05-13 11:53:14'),(36,'Cordia','O\'Reilly','ud','2011-02-03',61,'','1981-03-10 09:51:33','2020-12-18 13:17:25'),(37,'Shyanne','Hane','M','2001-07-09',114,'Sunt voluptatem dolorem sint molestias possimus. Dolorum possimus aut alias repellendus qui.','1985-05-10 10:24:29','1993-09-26 15:06:32'),(38,'Elroy','Koss','M','2018-02-25',32,'','2017-07-21 10:58:09','2020-12-18 13:17:25'),(39,'Susan','Green','ud','1970-03-10',225,'','2004-08-20 05:03:02','2020-12-18 13:17:25'),(40,'Alda','Ankunding','F','1990-05-24',102,'Quasi vel illo ex. Maiores qui numquam facere expedita sunt. Maiores voluptatum eum non tempore eum.','2018-12-13 19:07:47','2020-12-18 13:17:25'),(41,'Otha','Frami','M','2004-10-31',164,'Et et omnis accusamus beatae nulla architecto. Non natus nisi quasi consequatur debitis maxime.','1986-10-05 15:28:48','1998-10-25 19:05:16'),(42,'Mona','Borer','ud','1987-08-12',174,'Et ullam consequatur ex vitae esse. Commodi blanditiis est sint et qui.','1980-10-27 13:24:14','1984-09-12 13:47:35'),(43,'Elvis','Gaylord','ud','2020-10-07',147,'Sapiente perferendis quis voluptatem. Voluptatem qui sunt corporis necessitatibus impedit sunt recusandae. Minima praesentium facere quidem molestiae perspiciatis quo.','2012-02-22 15:54:03','2020-12-18 13:17:25'),(44,'Hildegard','Mayert','F','1980-07-18',114,'','1999-05-19 22:24:31','2020-12-18 13:17:25'),(45,'Miguel','Bernhard','ud','2005-11-25',225,'','2003-09-07 05:44:28','2020-12-18 13:17:25'),(46,'Gaetano','Goyette','F','1976-03-22',146,'Rerum et numquam saepe temporibus. Quas accusamus quae ratione libero dolore. Aut soluta sunt voluptas est omnis.','2008-03-31 00:40:16','2020-12-18 13:17:25'),(47,'Jena','Balistreri','F','1975-03-04',176,'','2018-11-19 08:57:54','2020-12-18 13:17:25'),(48,'Kayli','Bartoletti','F','2000-12-25',1,'','1999-06-29 22:29:36','2008-03-12 10:31:18'),(49,'Elody','Raynor','ud','2000-06-20',22,'Eaque distinctio molestias in illum. Libero expedita quia autem nihil similique architecto quae. Possimus illum et expedita doloremque qui ex.','1995-09-22 02:55:49','2011-05-08 20:00:50'),(50,'Jaiden','Halvorson','ud','2019-06-05',111,'Autem quia vel autem qui dolorum sed in. Et voluptates nemo occaecati maiores sint excepturi.','1999-04-05 05:56:19','2020-12-18 13:17:25'),(51,'Guy','Funk','ud','1980-06-08',177,'','2000-06-18 04:05:58','2002-12-07 04:33:24'),(52,'Bell','Haag','M','2015-01-09',49,'','1991-08-25 18:10:15','2020-12-18 13:17:25'),(53,'Jasen','O\'Connell','M','2006-11-13',211,'Ut praesentium rerum aut placeat omnis fuga. Est aut perspiciatis perspiciatis rem quas.','2009-10-15 14:25:05','2020-12-18 13:17:25'),(54,'Dell','Rippin','F','2013-11-06',104,'','1994-05-29 11:44:29','2020-12-18 13:17:25'),(55,'Earnestine','Trantow','ud','2012-06-19',150,'','1974-08-23 11:23:26','2018-05-06 04:50:31'),(56,'Derek','Ebert','M','1983-07-25',124,'Nisi est quae et doloribus in earum architecto. Alias cumque aut quae ea dolorem est.','1984-03-09 05:39:40','2020-12-18 13:17:25'),(57,'Emily','Okuneva','F','2019-01-01',34,'Aperiam pariatur dolorem esse sint nam. Voluptas voluptatem quia officiis aut reprehenderit iusto.','2000-05-11 18:46:14','2020-12-18 13:17:25'),(58,'Nikita','Murazik','M','2019-03-26',47,'Dolor expedita quaerat eos iste error quo. Natus alias repellendus perferendis eaque. Consequuntur facilis neque voluptatum numquam cupiditate.','1973-09-27 10:02:05','2019-08-23 16:19:55'),(59,'Suzanne','Pfeffer','M','1972-03-20',17,'','1982-12-09 16:18:21','1983-12-11 19:03:54'),(60,'Hillary','Corwin','ud','1999-11-16',64,'Quae iure ut non sit. Dolores sed tempora ipsam beatae.','1997-12-27 18:03:20','2020-12-18 13:17:25'),(61,'Kayden','Jones','M','1978-06-04',27,'Quo et asperiores sed accusamus fugit consequatur eum officia. Sint similique officiis molestias repellendus laudantium.','1980-03-17 22:00:16','2016-08-16 13:10:39'),(62,'Kody','Wintheiser','F','1987-11-11',177,'Perspiciatis magnam id aut quidem. Ut consequatur explicabo ab incidunt sunt laudantium.','2007-08-10 05:37:19','2020-12-18 13:17:25'),(63,'Eleonore','Stanton','M','1988-01-29',132,'Reprehenderit et aliquid autem. Delectus voluptates quidem voluptatem veniam.','2018-02-07 02:21:08','2020-12-18 13:17:25'),(64,'Clemens','Champlin','M','1994-08-05',139,'Veritatis voluptatem fugiat et quo a. Voluptatem eaque quis occaecati aut odio blanditiis. Quasi enim eligendi odio dolore esse eius placeat enim.','2017-10-15 02:41:05','2020-12-18 13:17:25'),(65,'Lonny','Lynch','ud','1984-05-19',150,'','1985-12-26 16:08:07','2020-12-18 13:17:25'),(66,'Caleigh','Witting','F','2007-12-12',177,'Delectus rerum et provident soluta odit blanditiis. Suscipit repellendus voluptas aut qui doloribus explicabo.','2013-06-28 04:18:14','2020-12-18 13:17:25'),(67,'Vincenzo','D\'Amore','M','2015-01-06',199,'Vel et quidem neque incidunt. Hic quia voluptas tenetur odit veritatis commodi.','1977-05-28 20:24:32','1994-05-26 20:33:07'),(68,'Tamia','Baumbach','M','1992-09-02',23,'','1971-05-03 22:25:38','2000-03-26 02:44:23'),(69,'Riley','Jacobs','F','1979-06-08',208,'Necessitatibus accusamus dolores error nemo. Sit aspernatur id accusamus possimus voluptas. Tenetur maiores quo consequatur autem eum.','2014-09-16 02:30:18','2020-12-18 13:17:25'),(70,'Keanu','Prohaska','M','2008-11-04',184,'Quidem eos nobis eius alias. Non explicabo voluptates tempore animi ut.','1998-10-22 03:36:40','2014-08-24 07:48:55'),(71,'Emmett','Romaguera','F','2015-07-03',125,'','1982-03-23 22:09:10','1992-12-25 10:00:43'),(72,'Miracle','Hauck','ud','2015-03-24',131,'Quasi nulla quis asperiores sunt accusamus et. Sed ea cum placeat nostrum at.','2003-09-02 14:12:12','2010-10-30 03:57:21'),(73,'Marion','Crooks','F','1972-08-16',118,'','2016-08-29 19:38:19','2020-12-18 13:17:25'),(74,'Bernita','Corkery','M','1972-04-17',31,'Occaecati ut doloribus velit ut exercitationem non architecto. Enim commodi excepturi placeat.','1995-08-03 02:51:31','2001-01-14 15:39:11'),(75,'Kevon','Wolff','F','2010-01-10',5,'Nemo delectus sint minima. Veritatis voluptatem soluta est dolorem. Consequatur sed quam officiis numquam.','1994-08-04 14:25:06','2017-09-05 00:56:48'),(76,'Sadye','Cartwright','F','1979-05-27',102,'','2018-01-26 03:01:44','2020-12-18 13:17:25'),(77,'Francisca','Trantow','F','1970-07-23',177,'Ducimus illum voluptatem soluta voluptatem aspernatur voluptas. Qui quas alias consequuntur optio minus perspiciatis et. Unde labore id deleniti harum voluptates.','2017-12-05 13:06:11','2020-12-18 13:17:25'),(78,'Jameson','Abernathy','M','1997-03-17',180,'Ex aliquam quaerat laborum sit assumenda corrupti fugiat. Ratione incidunt delectus dignissimos quasi rem. Consequuntur natus accusamus soluta.','1979-02-08 19:01:45','2013-09-19 05:37:00'),(79,'Marcella','Rodriguez','M','2009-02-16',103,'','1985-12-04 06:38:10','2020-12-18 13:17:25'),(80,'Kyle','Quigley','M','1998-03-02',199,'','1986-02-27 00:46:46','2005-08-03 18:36:22'),(81,'Lenny','Wehner','ud','1976-05-14',51,'Repudiandae dolorem itaque soluta dolore. Modi necessitatibus velit voluptatem.','2013-07-05 22:20:29','2020-12-18 13:17:25'),(82,'Lillie','Ledner','ud','1983-08-08',39,'Rerum quas repellat dignissimos vero rerum quia quae quos. Tempore id occaecati sed et nam.','2002-03-27 20:27:50','2020-12-18 13:17:25'),(83,'Francisca','Pfeffer','ud','2003-04-26',7,'','1999-07-23 00:56:00','2020-12-18 13:17:25'),(84,'Burnice','Berge','F','1984-05-21',22,'','1999-08-22 03:22:38','2020-12-18 13:17:25'),(85,'Walton','Bode','ud','1975-12-04',143,'Alias omnis quisquam omnis debitis unde sed. Quis quasi quasi voluptas error officiis autem aut.','1979-08-18 12:11:20','2000-10-03 17:08:22'),(86,'Reilly','Hirthe','ud','2005-12-02',157,'Magnam velit tenetur consectetur asperiores voluptas aut. Officiis aut corporis doloremque natus blanditiis.','2007-12-13 11:49:04','2020-12-18 13:17:25'),(87,'Trey','Kovacek','ud','2007-04-07',145,'Modi totam vel voluptatibus dolorem esse quisquam rerum. Est soluta iste quasi. Dolor in aspernatur non ut non aut dicta.','2001-04-15 08:32:36','2013-11-30 00:36:38'),(88,'Demetrius','Schuppe','ud','2000-02-10',176,'Maiores cumque qui non atque molestiae est. Commodi inventore incidunt eaque ipsa adipisci dolore.','2014-12-19 23:50:57','2020-12-18 13:17:25'),(89,'Adaline','Bogisich','ud','1994-11-19',203,'','2020-07-03 20:56:59','2020-12-18 13:17:25'),(90,'Maxime','Padberg','F','1984-02-27',161,'','1988-01-10 05:26:59','1991-07-22 15:28:12'),(91,'Sidney','Aufderhar','M','1991-10-19',240,'Rerum aut officiis aut amet. Ut quaerat qui nihil sint maiores ab.','2000-09-05 11:37:02','2020-12-18 13:17:25'),(92,'Marcia','Rogahn','M','1982-01-30',229,'Voluptatem aspernatur voluptas sequi reprehenderit quisquam. Ullam similique quo et et incidunt.','1990-09-07 00:49:22','2020-12-18 13:17:25'),(93,'Axel','Satterfield','ud','1990-02-03',98,'Harum sapiente ad nulla fugiat odit. Quia animi sint dolorem soluta quo.','1997-03-13 20:18:51','2020-12-18 13:17:25'),(94,'Carey','Labadie','ud','1971-09-25',131,'','1995-02-11 07:32:40','2020-12-18 13:17:25'),(95,'Arlie','Lueilwitz','ud','2015-09-07',128,'Hic ut voluptatem optio. Voluptas quis velit ab sed aut et mollitia. Mollitia a et et delectus eligendi aut et.','2005-05-25 14:53:32','2020-12-18 13:17:25'),(96,'Angeline','Dickinson','F','1976-11-09',8,'','2014-05-03 18:07:57','2020-12-18 13:17:25'),(97,'Antonia','Donnelly','ud','2010-12-10',68,'Corporis veniam temporibus sit ut qui odit. Odit voluptatem saepe iure voluptatem aut sit quod.','2000-11-25 18:17:10','2003-04-23 15:19:41'),(98,'Graciela','Koch','F','1977-12-29',86,'Numquam ut itaque molestiae sint. Dolor accusantium ad a voluptas. Ut odit ratione commodi quia.','1974-04-12 05:18:59','2005-10-09 18:56:47'),(99,'Melany','Nitzsche','F','1984-12-05',31,'Tempora laudantium nostrum velit. Deserunt aspernatur debitis aut qui possimus. Sapiente numquam vel explicabo sit nesciunt suscipit ullam voluptas.','2007-11-07 03:31:44','2014-10-14 07:36:07'),(100,'Leslie','Hudson','M','2012-10-27',35,'','1981-04-04 02:29:59','2020-12-18 13:17:25');
/*!40000 ALTER TABLE `user_profiles` ENABLE KEYS */;
UNLOCK TABLES;

--
-- Table structure for table `users`
--

DROP TABLE IF EXISTS `users`;
/*!40101 SET @saved_cs_client     = @@character_set_client */;
/*!50503 SET character_set_client = utf8mb4 */;
CREATE TABLE `users` (
  `id` bigint unsigned NOT NULL AUTO_INCREMENT,
  `nick_name` varchar(50) CHARACTER SET utf8 COLLATE utf8_unicode_ci NOT NULL,
  `email` varchar(100) CHARACTER SET utf8 COLLATE utf8_unicode_ci NOT NULL,
  `created_at` datetime DEFAULT CURRENT_TIMESTAMP,
  `updated_at` datetime DEFAULT CURRENT_TIMESTAMP ON UPDATE CURRENT_TIMESTAMP,
  PRIMARY KEY (`id`),
  UNIQUE KEY `nick_name` (`nick_name`),
  UNIQUE KEY `email` (`email`)
) ENGINE=InnoDB AUTO_INCREMENT=108 DEFAULT CHARSET=utf8 COLLATE=utf8_unicode_ci;
/*!40101 SET character_set_client = @saved_cs_client */;

--
-- Dumping data for table `users`
--

LOCK TABLES `users` WRITE;
/*!40000 ALTER TABLE `users` DISABLE KEYS */;
INSERT INTO `users` VALUES (1,'laboriosam','erunte@example.org','1999-04-21 06:34:29','2017-05-25 06:43:44'),(2,'dolor','charlene.price@example.net','2000-04-20 00:47:56','2020-12-18 13:17:39'),(3,'animi','aditya.brekke@example.org','1976-09-26 09:20:10','1979-03-17 19:48:41'),(4,'voluptatem','naomie99@example.net','1992-01-21 20:59:23','2001-12-16 18:38:41'),(5,'et','gail52@example.com','2003-04-03 21:31:54','2020-12-18 13:17:39'),(6,'esse','lborer@example.net','1982-12-06 21:47:14','2003-12-11 18:57:53'),(7,'veniam','klocko.macey@example.com','1971-09-11 03:25:59','1998-10-23 09:35:59'),(8,'autem','leda.wolf@example.org','2004-08-26 13:48:54','2020-12-18 13:17:39'),(9,'fugit','lloyd.legros@example.org','1981-02-25 00:04:41','2011-09-16 09:42:16'),(10,'officiis','fbernier@example.org','2008-03-10 17:41:56','2020-12-18 13:17:39'),(11,'soluta','malika42@example.com','2019-05-20 05:37:05','2020-12-18 13:17:39'),(12,'sunt','kohler.alicia@example.com','1991-12-28 07:40:27','2013-08-09 01:07:01'),(13,'ut','qreichert@example.net','1982-02-23 01:14:19','2000-06-22 01:51:28'),(14,'omnis','zmonahan@example.net','1992-08-05 22:46:33','1999-03-09 08:52:36'),(15,'iusto','cummerata.queen@example.org','1990-05-05 04:40:17','1991-05-08 19:16:01'),(16,'earum','monica43@example.org','2015-10-02 20:09:04','2020-12-18 13:17:39'),(17,'rerum','torp.amos@example.net','2014-06-06 06:11:24','2020-12-18 13:17:39'),(18,'beatae','sauer.hanna@example.com','1979-10-08 06:40:14','1999-12-27 10:50:44'),(19,'eum','mazie.kuphal@example.org','1990-11-01 06:07:44','2008-12-05 10:42:50'),(20,'dignissimos','lueilwitz.bertrand@example.net','1990-03-31 19:46:43','2011-09-15 00:19:32'),(21,'modi','terrell09@example.com','2017-08-26 13:30:08','2020-12-18 13:17:39'),(22,'quasi','denesik.asia@example.com','2015-07-13 18:08:42','2020-12-18 13:17:39'),(23,'molestias','johan.von@example.net','2009-07-30 01:23:12','2020-12-18 13:17:39'),(24,'necessitatibus','wehner.elissa@example.org','1989-03-30 18:28:37','2020-12-18 13:17:39'),(25,'natus','ewiza@example.net','1985-01-06 22:45:45','1995-04-25 04:12:43'),(26,'molestiae','joshua05@example.com','2015-07-30 04:47:19','2018-11-21 12:46:27'),(27,'voluptatibus','corwin.gloria@example.net','2017-06-14 15:46:30','2020-12-18 13:17:39'),(28,'aut','clay40@example.org','1992-06-18 11:53:04','2020-12-18 13:17:39'),(29,'dolores','tomas10@example.com','2009-09-14 20:04:26','2020-12-18 13:17:39'),(30,'aliquid','jerad.durgan@example.net','1977-12-18 05:23:45','1994-08-06 15:31:04'),(31,'at','nolan.odessa@example.com','1977-07-09 11:56:47','1983-04-22 15:48:40'),(32,'illum','oberbrunner.jamey@example.com','2002-11-14 20:16:04','2020-12-18 13:17:39'),(33,'deserunt','dewitt42@example.com','1997-05-13 06:29:41','2020-12-18 13:17:39'),(34,'vel','hdavis@example.org','1982-03-21 20:03:08','2020-12-18 13:17:39'),(35,'error','kari.kemmer@example.org','2012-06-28 01:28:00','2020-12-18 13:17:39'),(36,'nemo','elwin.schuster@example.org','1971-05-20 10:13:55','2015-08-16 04:44:04'),(37,'id','damian.krajcik@example.com','1987-11-28 12:24:32','2005-11-05 23:22:59'),(38,'eos','jessyca28@example.com','1990-06-13 13:56:40','2020-12-18 13:17:39'),(39,'totam','kirsten.haag@example.org','2020-03-28 06:22:36','2020-12-18 13:17:39'),(40,'qui','clint95@example.org','2011-08-29 18:40:37','2020-12-18 13:17:39'),(41,'accusamus','jgrimes@example.org','1976-12-30 04:28:45','1995-05-31 12:33:00'),(42,'corporis','franecki.garth@example.com','2012-09-24 23:32:15','2020-12-18 13:17:39'),(43,'est','zemard@example.com','1976-06-15 08:21:58','1991-02-02 05:21:35'),(44,'ab','geo.hills@example.net','1988-05-28 09:59:20','2020-12-18 13:17:39'),(45,'impedit','pierre.reichel@example.com','2018-03-27 18:30:27','2020-12-18 13:17:39'),(46,'explicabo','oupton@example.org','2016-05-11 16:00:03','2020-12-18 13:17:39'),(47,'consequatur','qo\'keefe@example.net','1996-11-28 15:28:21','2020-12-18 13:17:39'),(48,'ea','verla01@example.com','2016-03-15 22:05:53','2020-12-18 13:17:39'),(49,'officia','flo36@example.net','1974-01-09 14:22:06','2000-06-08 07:39:31'),(50,'exercitationem','jaylen31@example.org','2004-03-28 11:12:31','2005-03-25 06:48:05'),(51,'numquam','streich.javon@example.org','2005-09-29 23:38:20','2020-12-18 13:17:39'),(52,'distinctio','mertie53@example.com','2001-12-02 13:02:38','2020-12-18 13:17:39'),(53,'incidunt','lsatterfield@example.org','1989-02-02 04:26:11','1992-04-29 16:33:37'),(54,'porro','george.nolan@example.net','1980-09-06 15:25:16','1997-05-12 11:33:10'),(55,'nobis','sawayn.roman@example.com','1970-02-25 21:48:08','1985-06-06 13:40:27'),(56,'ex','jortiz@example.net','2002-03-29 07:22:52','2005-04-10 09:32:18'),(57,'nostrum','augustine37@example.net','1997-12-02 10:22:20','2003-12-08 12:48:49'),(58,'quod','kuvalis.clara@example.com','1974-06-22 11:06:44','1994-08-10 19:13:42'),(59,'libero','annetta61@example.net','1992-07-14 17:36:23','2020-12-18 13:17:39'),(60,'maxime','clementina.bailey@example.net','1985-09-02 00:55:10','2010-11-19 22:18:07'),(61,'labore','thomas98@example.com','1991-12-03 17:41:23','1995-10-29 03:12:16'),(62,'alias','mertz.mitchel@example.net','2009-05-20 01:28:56','2020-12-18 13:17:39'),(63,'accusantium','cody.hauck@example.org','1987-11-11 12:07:27','2020-12-18 13:17:39'),(64,'amet','xwest@example.org','1979-10-10 18:32:46','1986-11-24 01:59:23'),(65,'non','iwindler@example.org','1984-07-04 18:49:27','2011-05-27 17:52:08'),(66,'rem','stephany73@example.com','2012-06-27 22:46:45','2016-10-04 19:11:21'),(67,'cumque','maxime.beier@example.org','1991-10-21 02:00:35','2010-12-31 01:15:05'),(68,'magni','vpollich@example.com','2019-03-24 08:41:44','2020-12-18 13:17:39'),(69,'unde','ernie22@example.org','1998-03-08 22:52:45','2020-12-18 13:17:39'),(70,'hic','cschuster@example.net','1999-01-04 10:47:37','2000-11-18 21:44:30'),(71,'sed','xkrajcik@example.net','2016-02-20 04:27:46','2020-12-18 13:17:39'),(72,'debitis','watson.schneider@example.org','1972-12-20 22:18:31','2006-04-07 06:59:02'),(73,'facere','frances44@example.org','1974-11-29 14:22:01','1985-05-22 06:55:11'),(74,'maiores','hrodriguez@example.org','2006-12-15 11:15:42','2020-12-18 13:17:39'),(75,'sequi','halvorson.d\'angelo@example.net','1980-12-26 00:03:46','1989-08-22 15:25:57'),(76,'saepe','tristian56@example.net','1986-07-24 01:35:03','1991-01-26 20:38:14'),(77,'eveniet','von.chad@example.com','1990-10-18 11:30:30','2020-12-18 13:17:39'),(78,'laudantium','carmen02@example.com','1997-06-18 00:11:00','2020-12-18 13:17:39'),(79,'voluptatum','murray.mclaughlin@example.net','1971-02-21 04:10:17','2011-03-11 00:57:02'),(80,'sit','walsh.declan@example.net','2006-10-01 11:32:36','2008-08-16 01:42:13'),(81,'itaque','vheidenreich@example.net','1990-10-17 17:57:24','2020-12-18 13:17:39'),(82,'facilis','andy67@example.com','2009-06-22 22:18:37','2020-12-18 13:17:39'),(83,'quam','zelma45@example.com','1978-11-02 22:33:50','2015-04-17 20:09:45'),(84,'dicta','ana18@example.net','1996-01-29 06:08:47','2020-12-18 13:17:39'),(85,'magnam','harvey.garrett@example.com','2016-12-21 10:41:15','2019-10-13 17:31:17'),(86,'quia','kbechtelar@example.org','2018-07-27 01:35:31','2020-12-18 13:17:39'),(87,'illo','mhamill@example.com','1997-10-07 07:09:29','2020-12-18 13:17:39'),(88,'perferendis','fhaley@example.org','2000-09-02 16:59:40','2020-12-18 13:17:39'),(89,'sapiente','golson@example.org','2000-03-26 01:04:53','2002-01-16 04:44:52'),(90,'temporibus','kris.tamara@example.org','1999-07-23 09:51:42','2003-01-31 18:12:20'),(91,'expedita','zboncak.june@example.org','2020-12-13 22:26:26','2020-12-18 13:17:39'),(92,'ipsa','hoeger.dayana@example.net','1990-10-03 10:38:37','2020-12-18 13:17:39'),(93,'asperiores','lpowlowski@example.net','2016-09-10 23:54:53','2020-12-18 13:17:39'),(94,'minima','brianne.nienow@example.com','1985-08-02 16:53:27','1999-03-07 11:48:08'),(95,'quidem','jermey06@example.org','1974-02-13 09:53:33','1993-03-26 12:54:29'),(96,'voluptas','walker.greenfelder@example.net','1990-08-04 04:06:07','2009-05-18 19:36:52'),(97,'ipsam','kyra.davis@example.com','1992-05-31 12:41:09','2001-12-18 22:36:28'),(98,'odit','goldner.cory@example.net','2008-11-28 05:21:06','2020-10-07 22:57:43'),(99,'harum','cruickshank.rosella@example.com','1992-06-16 01:55:46','2020-12-18 13:17:39'),(100,'minus','fconsidine@example.org','1983-10-07 11:04:34','2004-09-17 14:24:03');
/*!40000 ALTER TABLE `users` ENABLE KEYS */;
UNLOCK TABLES;

--
-- Table structure for table `users_lists`
--

DROP TABLE IF EXISTS `users_lists`;
/*!40101 SET @saved_cs_client     = @@character_set_client */;
/*!50503 SET character_set_client = utf8mb4 */;
CREATE TABLE `users_lists` (
  `id` bigint unsigned NOT NULL AUTO_INCREMENT,
  `user_id` bigint unsigned DEFAULT NULL,
  `title_id` bigint unsigned DEFAULT NULL,
  `list_type_id` bigint unsigned DEFAULT NULL,
  `created_at` timestamp NOT NULL DEFAULT CURRENT_TIMESTAMP,
  `updated_at` timestamp NOT NULL DEFAULT CURRENT_TIMESTAMP ON UPDATE CURRENT_TIMESTAMP,
  PRIMARY KEY (`id`),
  KEY `title_id` (`title_id`),
  KEY `user_id` (`user_id`),
  KEY `list_type_id` (`list_type_id`),
  CONSTRAINT `users_lists_ibfk_1` FOREIGN KEY (`title_id`) REFERENCES `titles` (`id`) ON UPDATE CASCADE,
  CONSTRAINT `users_lists_ibfk_2` FOREIGN KEY (`user_id`) REFERENCES `users` (`id`) ON UPDATE CASCADE,
  CONSTRAINT `users_lists_ibfk_3` FOREIGN KEY (`list_type_id`) REFERENCES `list_types` (`id`) ON UPDATE CASCADE
) ENGINE=InnoDB AUTO_INCREMENT=301 DEFAULT CHARSET=utf8 COLLATE=utf8_unicode_ci;
/*!40101 SET character_set_client = @saved_cs_client */;

--
-- Dumping data for table `users_lists`
--

LOCK TABLES `users_lists` WRITE;
/*!40000 ALTER TABLE `users_lists` DISABLE KEYS */;
INSERT INTO `users_lists` VALUES (1,1,30,1,'1983-03-30 11:28:10','2020-12-18 10:17:58'),(2,2,174,2,'1975-02-01 15:15:28','1995-10-19 22:35:06'),(3,3,146,3,'1997-02-03 05:10:41','2020-12-18 10:17:58'),(4,4,54,1,'1997-06-01 10:07:02','2012-08-31 06:35:08'),(5,5,105,2,'1995-03-29 23:27:54','2005-01-15 09:57:47'),(6,6,27,3,'2011-08-15 11:03:20','2020-12-18 10:17:58'),(7,7,31,1,'1985-06-25 23:41:00','2009-06-17 14:49:03'),(8,8,82,2,'2003-08-23 23:00:12','2020-12-18 10:17:58'),(9,9,180,3,'2011-03-14 19:46:43','2020-12-18 10:17:58'),(10,10,190,1,'1991-12-13 04:24:42','2020-12-18 10:17:58'),(11,11,112,2,'2002-07-31 20:04:29','2020-12-18 10:17:58'),(12,12,76,3,'2000-08-28 02:37:26','2016-01-09 03:00:03'),(13,13,130,1,'1992-08-26 01:50:01','1992-12-07 09:34:20'),(14,14,13,2,'2014-05-18 18:40:02','2020-12-18 10:17:58'),(15,15,162,3,'1993-06-02 02:00:15','2001-11-15 21:36:55'),(16,16,148,1,'2019-12-18 09:48:15','2020-12-18 10:17:58'),(17,17,83,2,'2000-05-14 05:41:03','2009-05-08 06:19:29'),(18,18,8,3,'1987-12-14 18:16:28','2020-12-18 10:17:58'),(19,19,21,1,'2020-08-29 01:57:42','2020-12-18 10:17:58'),(20,20,122,2,'2019-02-28 22:21:03','2020-12-18 10:17:58'),(21,21,188,3,'2002-05-08 17:48:00','2007-12-10 11:35:15'),(22,22,35,1,'2016-07-09 22:23:41','2020-12-18 10:17:58'),(23,23,136,2,'1971-11-30 17:32:49','2012-05-08 18:45:23'),(24,24,163,3,'2012-07-19 02:53:13','2020-12-18 10:17:58'),(25,25,6,1,'1979-08-25 10:17:55','2017-03-19 17:22:06'),(26,26,25,2,'2001-10-25 03:52:20','2020-12-18 10:17:58'),(27,27,115,3,'2000-08-13 19:01:34','2006-02-14 18:07:08'),(28,28,118,1,'1998-10-21 16:51:00','2001-01-13 20:50:14'),(29,29,28,2,'1996-05-14 03:33:58','2020-12-18 10:17:58'),(30,30,184,3,'2003-12-07 17:42:03','2020-12-18 10:17:58'),(31,31,157,1,'2014-09-13 06:28:07','2020-12-18 10:17:58'),(32,32,58,2,'1996-02-20 02:02:23','2005-04-11 02:12:03'),(33,33,158,3,'1975-07-22 07:36:57','2002-11-23 23:18:47'),(34,34,103,1,'1994-12-11 04:57:28','2020-12-18 10:17:58'),(35,35,111,2,'2015-04-15 04:37:22','2020-12-18 10:17:58'),(36,36,62,3,'2009-05-02 02:35:59','2020-12-18 10:17:58'),(37,37,129,1,'1990-01-21 17:06:35','2020-12-18 10:17:58'),(38,38,141,2,'1984-08-12 10:26:37','1994-09-21 01:40:52'),(39,39,144,3,'1972-11-21 13:18:38','2011-12-20 03:39:01'),(40,40,108,1,'1995-01-13 00:22:57','2015-08-03 14:00:28'),(41,41,131,2,'1999-03-28 15:59:05','2020-12-18 10:17:58'),(42,42,55,3,'1971-11-17 15:26:25','2012-02-12 08:41:12'),(43,43,184,1,'2017-02-16 04:58:06','2020-12-18 10:17:58'),(44,44,61,2,'1987-10-05 00:47:35','1992-03-31 06:28:32'),(45,45,68,3,'2008-06-13 15:27:06','2020-12-18 10:17:58'),(46,46,146,1,'2007-03-19 20:52:42','2020-12-18 10:17:58'),(47,47,8,2,'2000-01-20 14:41:10','2017-06-17 22:23:39'),(48,48,151,3,'2018-07-30 07:41:22','2020-12-18 10:17:58'),(49,49,154,1,'1990-09-17 14:30:44','2018-01-15 01:15:44'),(50,50,29,2,'2006-05-21 03:31:17','2020-12-18 10:17:58'),(51,51,72,3,'1984-03-28 03:10:43','2020-12-18 10:17:58'),(52,52,141,1,'2014-06-10 07:29:00','2020-12-18 10:17:58'),(53,53,63,2,'1970-07-10 14:18:12','2012-10-11 23:07:39'),(54,54,7,3,'2019-01-05 18:06:15','2020-12-18 10:17:58'),(55,55,104,1,'1971-09-16 10:00:44','1980-03-19 08:04:26'),(56,56,68,2,'1987-05-07 08:37:05','2020-12-18 10:17:58'),(57,57,32,3,'1976-05-04 08:54:48','2020-12-18 10:17:58'),(58,58,18,1,'2011-05-01 19:46:38','2020-12-18 10:17:58'),(59,59,185,2,'1979-02-15 11:29:12','1985-07-20 21:33:48'),(60,60,60,3,'1994-06-03 17:20:50','2008-12-15 00:30:35'),(61,61,2,1,'1976-12-04 16:53:31','2020-12-18 10:17:58'),(62,62,142,2,'1986-05-16 08:55:05','2020-12-18 10:17:58'),(63,63,117,3,'1986-08-16 20:15:43','1988-03-12 16:20:47'),(64,64,159,1,'2015-09-28 11:05:06','2020-12-18 10:17:58'),(65,65,44,2,'1975-08-20 05:46:19','1993-02-16 08:43:12'),(66,66,27,3,'2000-10-23 07:11:50','2008-08-19 09:08:21'),(67,67,20,1,'2011-10-23 10:40:11','2015-11-07 21:37:15'),(68,68,173,2,'1992-04-10 14:00:52','2000-11-29 13:30:29'),(69,69,168,3,'1974-04-18 20:02:26','2020-12-18 10:17:58'),(70,70,163,1,'2002-08-20 02:21:52','2020-12-18 10:17:58'),(71,71,81,2,'2019-04-29 09:51:19','2020-12-18 10:17:58'),(72,72,99,3,'1989-09-16 09:39:37','2001-07-15 10:13:03'),(73,73,18,1,'1995-02-14 15:44:03','2020-12-18 10:17:58'),(74,74,64,2,'1992-05-09 16:09:08','2020-12-18 10:17:58'),(75,75,159,3,'2017-06-16 08:45:02','2020-12-18 10:17:58'),(76,76,85,1,'1983-08-13 14:22:54','2020-12-18 10:17:58'),(77,77,10,2,'1990-03-21 00:15:44','2003-08-06 15:38:05'),(78,78,167,3,'2018-04-30 09:34:42','2020-12-18 10:17:58'),(79,79,35,1,'1973-05-10 18:25:40','2016-06-26 20:20:24'),(80,80,163,2,'2017-08-30 16:47:30','2020-12-18 10:17:58'),(81,81,196,3,'1985-09-26 01:08:30','2020-12-18 10:17:58'),(82,82,107,1,'1984-04-05 01:25:50','2014-07-09 20:56:12'),(83,83,104,2,'1981-06-03 18:41:32','1987-05-24 19:53:48'),(84,84,58,3,'1984-05-04 07:34:06','2020-12-18 10:17:58'),(85,85,114,1,'2000-06-17 04:20:49','2020-12-18 10:17:58'),(86,86,8,2,'2016-04-08 12:51:41','2020-12-18 10:17:58'),(87,87,126,3,'1998-12-27 02:23:03','2020-12-18 10:17:58'),(88,88,145,1,'1971-08-11 10:55:59','2017-10-31 20:57:13'),(89,89,25,2,'1997-03-24 18:53:44','2019-07-20 07:32:52'),(90,90,110,3,'1979-03-18 08:38:57','1985-02-24 22:58:30'),(91,91,5,1,'1993-04-04 04:07:38','2020-12-18 10:17:58'),(92,92,27,2,'2017-11-10 14:15:25','2020-12-18 10:17:58'),(93,93,52,3,'2015-05-15 15:52:33','2019-02-10 04:56:21'),(94,94,121,1,'1973-04-12 23:23:41','1985-01-27 18:00:37'),(95,95,185,2,'2003-04-01 10:11:44','2020-12-18 10:17:58'),(96,96,96,3,'1979-11-30 00:34:48','1991-10-13 04:49:38'),(97,97,148,1,'2011-04-07 02:16:11','2020-12-18 10:17:58'),(98,98,5,2,'1990-11-12 10:08:01','2009-08-11 00:36:29'),(99,99,68,3,'1997-12-03 18:13:04','2020-12-18 10:17:58'),(100,100,115,1,'1983-11-05 06:07:53','2005-01-16 13:08:16'),(101,1,168,2,'2013-08-07 09:16:09','2020-12-18 10:17:58'),(102,2,148,3,'1986-08-21 18:16:31','2020-12-18 10:17:58'),(103,3,14,1,'2009-09-21 08:05:52','2020-12-18 10:17:58'),(104,4,185,2,'2019-12-29 00:07:10','2020-12-18 10:17:58'),(105,5,12,3,'2016-04-13 05:52:40','2020-12-18 10:17:58'),(106,6,172,1,'1990-11-30 17:25:44','1995-09-30 11:33:10'),(107,7,70,2,'1974-06-01 11:14:25','1988-09-08 19:50:27'),(108,8,21,3,'1976-03-07 05:54:58','2020-12-18 10:17:58'),(109,9,139,1,'1991-02-09 20:00:11','2001-01-25 23:04:07'),(110,10,105,2,'2020-09-01 22:31:32','2020-12-18 10:17:58'),(111,11,184,3,'1994-10-15 16:12:15','2020-12-18 10:17:58'),(112,12,134,1,'2000-09-18 00:31:37','2009-02-16 15:36:28'),(113,13,11,2,'1999-02-24 03:07:51','2018-12-02 17:47:35'),(114,14,87,3,'2011-10-17 04:46:35','2020-12-18 10:17:58'),(115,15,191,1,'1994-11-23 20:29:39','2020-12-18 10:17:58'),(116,16,124,2,'1978-10-23 18:05:07','2020-11-16 11:29:55'),(117,17,94,3,'1991-04-02 22:24:46','2020-12-18 10:17:58'),(118,18,117,1,'2009-01-19 11:05:22','2011-08-14 05:01:58'),(119,19,69,2,'2019-11-16 19:59:39','2020-12-18 10:17:58'),(120,20,119,3,'2016-08-05 19:26:41','2020-12-18 10:17:58'),(121,21,27,1,'1996-01-20 23:54:37','2014-12-29 01:34:10'),(122,22,74,2,'1975-11-17 11:30:44','2018-12-23 14:43:29'),(123,23,145,3,'2015-08-25 13:40:50','2020-12-18 10:17:58'),(124,24,78,1,'2016-07-17 15:36:11','2020-12-18 10:17:58'),(125,25,195,2,'2009-12-16 10:02:36','2020-12-18 10:17:58'),(126,26,130,3,'1987-01-26 09:59:02','1989-06-16 03:58:52'),(127,27,173,1,'2001-04-21 13:08:00','2020-12-18 10:17:58'),(128,28,142,2,'1973-09-26 09:04:51','2005-06-12 10:41:05'),(129,29,134,3,'1996-09-15 22:00:52','2020-12-18 10:17:58'),(130,30,40,1,'1988-08-18 07:16:31','2020-12-18 10:17:58'),(131,31,57,2,'1999-12-13 05:56:04','2018-10-22 12:57:55'),(132,32,102,3,'2012-03-29 11:16:01','2020-12-18 10:17:58'),(133,33,188,1,'1989-05-19 11:25:38','2020-12-18 10:17:58'),(134,34,70,2,'2011-09-16 16:28:33','2020-12-18 10:17:58'),(135,35,86,3,'1997-02-10 14:44:53','2020-12-18 10:17:58'),(136,36,199,1,'2015-08-23 14:50:37','2020-12-18 10:17:58'),(137,37,42,2,'2020-12-16 01:48:18','2020-12-18 10:17:58'),(138,38,156,3,'2006-10-27 13:31:25','2009-09-09 15:43:34'),(139,39,19,1,'1988-09-17 18:18:40','2020-12-18 10:17:58'),(140,40,181,2,'1997-12-17 13:12:51','2012-04-16 20:41:34'),(141,41,61,3,'2015-09-03 02:20:29','2020-12-18 10:17:58'),(142,42,2,1,'1977-10-07 18:08:22','1986-02-12 01:13:40'),(143,43,114,2,'2019-05-19 16:02:59','2020-12-18 10:17:58'),(144,44,71,3,'2004-01-20 16:50:23','2013-06-26 13:26:26'),(145,45,89,1,'1984-12-30 12:07:12','2004-08-05 23:57:38'),(146,46,105,2,'1988-11-07 13:00:04','1994-08-28 06:03:03'),(147,47,195,3,'1975-03-14 13:55:58','1990-02-14 19:06:38'),(148,48,183,1,'1983-05-13 11:15:47','2017-05-09 14:54:18'),(149,49,21,2,'1986-12-03 23:01:13','2017-08-28 19:26:50'),(150,50,64,3,'1971-05-15 07:17:10','1991-04-18 21:33:35'),(151,51,101,1,'1998-03-28 20:20:02','2020-12-18 10:17:58'),(152,52,47,2,'2001-06-27 02:10:47','2020-12-18 10:17:58'),(153,53,137,3,'2010-09-06 17:36:15','2020-12-18 10:17:58'),(154,54,46,1,'1975-11-09 02:21:32','2020-12-18 10:17:58'),(155,55,124,2,'1981-05-10 08:32:27','2014-05-25 06:32:13'),(156,56,131,3,'1980-12-30 06:15:45','1993-06-06 07:01:02'),(157,57,175,1,'1995-05-03 18:45:49','2016-04-06 20:05:14'),(158,58,97,2,'1987-10-28 17:46:58','1998-03-05 05:10:47'),(159,59,73,3,'1997-12-28 21:00:27','2015-09-25 08:26:35'),(160,60,109,1,'1998-09-17 14:36:59','2020-12-18 10:17:58'),(161,61,136,2,'1987-01-04 17:24:38','2011-06-12 12:59:10'),(162,62,130,3,'1991-07-29 21:04:52','2020-12-18 10:17:58'),(163,63,10,1,'2017-03-25 17:26:15','2020-12-18 10:17:58'),(164,64,124,2,'2018-09-16 16:38:10','2020-12-18 10:17:58'),(165,65,200,3,'1992-06-22 11:04:59','2019-03-26 12:07:44'),(166,66,96,1,'1977-12-28 03:10:43','2006-06-04 21:28:01'),(167,67,122,2,'2012-08-03 01:19:15','2020-12-18 10:17:58'),(168,68,41,3,'1989-06-22 09:03:10','2020-12-18 10:17:58'),(169,69,51,1,'1981-08-15 23:04:57','1994-07-21 21:36:37'),(170,70,141,2,'2015-10-26 09:09:09','2020-12-18 10:17:58'),(171,71,21,3,'1996-11-24 02:51:20','2020-12-18 10:17:58'),(172,72,111,1,'2005-03-04 20:08:58','2006-10-11 20:04:15'),(173,73,143,2,'1993-08-29 09:48:50','2020-12-18 10:17:58'),(174,74,135,3,'1990-10-21 14:05:34','2020-12-18 10:17:58'),(175,75,182,1,'2001-08-07 15:34:48','2020-12-18 10:17:58'),(176,76,31,2,'1972-11-10 07:00:00','2007-07-19 17:54:54'),(177,77,39,3,'2005-03-03 15:48:57','2020-12-18 10:17:58'),(178,78,177,1,'1997-12-31 10:31:41','2020-12-18 10:17:58'),(179,79,14,2,'2005-09-21 00:25:46','2020-12-18 10:17:58'),(180,80,60,3,'1999-04-02 00:51:27','2020-12-18 10:17:58'),(181,81,41,1,'1990-08-12 00:00:56','1994-05-29 14:10:29'),(182,82,114,2,'1989-03-01 13:45:47','2001-08-03 16:40:30'),(183,83,107,3,'1979-02-28 09:40:45','2019-05-21 18:38:29'),(184,84,178,1,'1976-01-03 19:27:27','2010-11-23 06:28:29'),(185,85,160,2,'1971-09-09 05:49:46','2000-12-31 18:41:01'),(186,86,31,3,'2008-12-02 20:47:11','2020-12-18 10:17:58'),(187,87,108,1,'2018-11-06 16:36:24','2020-12-18 10:17:58'),(188,88,135,2,'1988-01-17 04:42:59','2012-09-28 10:17:52'),(189,89,127,3,'1992-04-21 01:01:09','2020-12-18 10:17:58'),(190,90,181,1,'2016-08-20 00:03:42','2020-12-18 10:17:58'),(191,91,43,2,'2006-01-07 02:34:38','2020-12-18 10:17:58'),(192,92,63,3,'2005-12-03 17:38:23','2008-07-22 03:20:03'),(193,93,110,1,'1971-06-27 20:18:38','1985-03-18 19:25:21'),(194,94,53,2,'1974-01-26 14:50:32','2020-12-18 10:17:58'),(195,95,186,3,'2017-07-09 16:54:02','2020-12-18 10:17:58'),(196,96,109,1,'1982-04-26 09:26:21','2000-06-13 12:50:53'),(197,97,148,2,'1998-12-24 02:37:18','2020-12-18 10:17:58'),(198,98,107,3,'2014-04-26 13:15:59','2018-06-18 18:12:50'),(199,99,150,1,'2017-03-04 06:51:59','2020-12-18 10:17:58'),(200,100,199,2,'2016-01-27 23:59:28','2019-04-04 15:37:30'),(201,1,47,3,'2017-01-30 20:19:41','2020-12-18 10:17:58'),(202,2,171,1,'1980-11-06 11:22:42','2020-12-18 10:17:58'),(203,3,110,2,'2008-08-30 03:15:07','2020-12-18 10:17:58'),(204,4,190,3,'2005-12-24 17:46:48','2020-12-18 10:17:58'),(205,5,105,1,'2007-12-07 14:33:31','2012-01-24 15:53:18'),(206,6,92,2,'1980-12-16 19:09:59','1992-10-05 11:58:01'),(207,7,20,3,'2007-01-19 16:05:33','2010-06-09 01:57:13'),(208,8,144,1,'2014-07-06 03:17:33','2020-12-18 10:17:58'),(209,9,68,2,'1996-01-03 12:15:08','2013-03-18 03:48:35'),(210,10,33,3,'2009-04-02 23:16:51','2020-12-18 10:17:58'),(211,11,4,1,'2005-11-16 23:05:23','2020-12-18 10:17:58'),(212,12,108,2,'2002-12-16 09:41:01','2009-10-18 19:26:59'),(213,13,147,3,'1998-06-06 23:47:57','2007-05-11 17:33:43'),(214,14,110,1,'2019-07-20 08:13:48','2020-12-18 10:17:58'),(215,15,85,2,'1975-03-10 12:56:45','1993-08-31 18:50:25'),(216,16,107,3,'1999-01-14 23:23:46','2020-12-18 10:17:58'),(217,17,140,1,'2013-06-25 09:28:53','2020-12-18 10:17:58'),(218,18,193,2,'2015-10-21 15:23:53','2016-09-08 08:52:33'),(219,19,41,3,'2002-06-17 17:01:53','2020-12-18 10:17:58'),(220,20,66,1,'1990-12-20 01:35:05','2020-12-18 10:17:58'),(221,21,174,2,'1975-07-02 08:30:45','1981-04-17 21:17:36'),(222,22,84,3,'2008-08-03 14:02:23','2020-12-18 10:17:58'),(223,23,128,1,'2003-02-11 03:20:11','2020-12-18 10:17:58'),(224,24,84,2,'2020-04-08 20:34:17','2020-12-18 10:17:58'),(225,25,136,3,'1992-11-27 10:12:15','2019-08-25 15:19:05'),(226,26,114,1,'2001-03-29 01:03:33','2020-12-18 10:17:58'),(227,27,192,2,'2000-12-30 09:47:10','2020-12-18 10:17:58'),(228,28,84,3,'1982-05-05 04:34:42','2000-01-01 20:19:59'),(229,29,21,1,'1978-04-26 00:11:12','1985-12-14 03:12:34'),(230,30,142,2,'1989-06-08 21:18:45','2003-10-03 16:37:47'),(231,31,82,3,'2000-03-08 16:05:54','2020-12-18 10:17:58'),(232,32,68,1,'1995-02-24 10:33:10','2020-12-18 10:17:58'),(233,33,112,2,'1989-03-18 19:57:20','2014-03-22 19:16:37'),(234,34,192,3,'2000-02-15 07:03:13','2020-12-18 10:17:58'),(235,35,57,1,'1980-03-07 09:16:39','1983-04-27 08:40:58'),(236,36,17,2,'1990-12-30 10:33:26','2020-12-18 10:17:58'),(237,37,83,3,'1980-02-15 02:47:43','2007-12-20 18:20:09'),(238,38,76,1,'2015-11-30 11:15:41','2020-12-18 10:17:58'),(239,39,161,2,'1988-04-23 00:34:00','2020-12-18 10:17:58'),(240,40,150,3,'1974-09-21 17:20:05','2020-12-18 10:17:58'),(241,41,109,1,'1995-09-27 22:09:03','2020-12-18 10:17:58'),(242,42,164,2,'1988-05-08 12:38:20','2013-11-24 03:08:57'),(243,43,58,3,'1981-07-05 23:51:52','1982-11-19 07:15:39'),(244,44,56,1,'1996-07-06 01:43:47','2020-12-18 10:17:58'),(245,45,73,2,'1988-05-10 06:45:48','2000-02-20 00:24:47'),(246,46,143,3,'2017-04-05 10:58:00','2020-12-18 10:17:58'),(247,47,162,1,'2005-09-14 17:53:09','2018-12-23 05:09:20'),(248,48,13,2,'1980-03-01 07:14:11','1998-11-29 23:10:20'),(249,49,136,3,'2005-03-09 19:07:25','2020-12-18 10:17:58'),(250,50,2,1,'2020-04-07 00:47:46','2020-12-18 10:17:58'),(251,51,78,2,'2012-02-07 19:43:11','2020-12-18 10:17:58'),(252,52,109,3,'1973-06-04 09:30:02','1991-07-23 06:07:01'),(253,53,85,1,'1996-04-12 04:56:57','2020-12-18 10:17:58'),(254,54,6,2,'1986-03-08 06:31:05','1997-01-28 11:17:43'),(255,55,192,3,'2010-02-25 11:57:26','2020-12-18 10:17:58'),(256,56,21,1,'1988-03-01 17:26:42','2009-01-16 22:57:55'),(257,57,120,2,'2014-08-07 03:01:25','2020-12-18 10:17:58'),(258,58,184,3,'1987-10-31 20:31:30','1999-06-17 03:07:40'),(259,59,104,1,'1991-10-01 23:48:30','2019-06-19 21:04:16'),(260,60,140,2,'1999-09-30 02:24:32','2020-12-18 10:17:58'),(261,61,126,3,'1975-12-07 05:25:41','1989-09-04 14:17:32'),(262,62,186,1,'1990-05-01 07:13:24','2009-10-22 04:35:53'),(263,63,7,2,'2013-05-29 18:45:34','2020-12-18 10:17:58'),(264,64,38,3,'1976-06-07 18:19:43','2010-04-05 00:52:43'),(265,65,177,1,'1986-03-12 01:01:08','2017-05-24 04:08:00'),(266,66,63,2,'1977-12-02 13:26:23','2004-05-07 10:05:04'),(267,67,54,3,'1992-08-20 16:06:36','2020-02-09 10:00:18'),(268,68,59,1,'2019-02-23 18:39:36','2019-11-22 11:00:10'),(269,69,139,2,'1979-04-26 03:07:40','2006-06-04 15:30:13'),(270,70,15,3,'2001-12-25 22:57:14','2020-12-18 10:17:58'),(271,71,9,1,'2011-12-08 11:29:49','2020-12-18 10:17:58'),(272,72,48,2,'1990-03-18 12:50:25','2018-11-12 11:07:45'),(273,73,179,3,'1999-09-29 12:45:18','2020-12-18 10:17:58'),(274,74,66,1,'2003-07-10 21:26:36','2020-12-18 10:17:58'),(275,75,103,2,'1980-05-22 20:02:44','1990-05-16 13:17:00'),(276,76,51,3,'1982-12-31 18:47:39','2016-11-10 15:04:23'),(277,77,9,1,'2016-08-23 11:18:06','2020-12-18 10:17:58'),(278,78,64,2,'2015-02-12 20:52:06','2020-12-18 10:17:58'),(279,79,64,3,'2011-02-19 07:30:32','2020-12-18 10:17:58'),(280,80,144,1,'2005-01-12 01:05:05','2020-12-18 10:17:58'),(281,81,66,2,'1991-08-15 10:06:45','2001-05-13 00:24:01'),(282,82,142,3,'1989-04-05 03:16:14','1994-04-27 06:40:38'),(283,83,53,1,'1974-11-12 01:23:31','1976-10-07 14:30:53'),(284,84,151,2,'1999-12-30 05:20:19','2012-07-04 09:15:43'),(285,85,148,3,'1971-09-11 16:08:02','2007-04-09 14:06:03'),(286,86,45,1,'2005-03-06 23:59:33','2020-12-18 10:17:58'),(287,87,172,2,'1992-02-07 04:52:02','1995-11-14 13:02:09'),(288,88,67,3,'1972-04-14 04:38:41','2005-06-23 05:34:27'),(289,89,29,1,'1971-08-20 19:52:46','1995-04-04 03:04:51'),(290,90,75,2,'1997-10-19 18:23:13','2020-12-18 10:17:58'),(291,91,6,3,'1996-12-23 19:16:17','2016-11-02 14:13:39'),(292,92,154,1,'1994-08-11 22:02:18','2012-10-15 06:48:28'),(293,93,60,2,'1971-11-20 01:29:48','1988-03-17 06:18:02'),(294,94,13,3,'2004-12-24 05:22:11','2020-12-18 10:17:58'),(295,95,192,1,'1973-04-10 08:12:07','1984-08-10 14:57:26'),(296,96,36,2,'2010-10-27 01:46:21','2020-12-18 10:17:58'),(297,97,76,3,'2012-03-27 23:18:38','2014-03-21 03:15:58'),(298,98,46,1,'1989-06-10 03:23:07','2020-12-18 10:17:58'),(299,99,94,2,'1985-06-04 01:21:19','2020-12-18 10:17:58'),(300,100,14,3,'1986-09-01 08:28:26','2006-01-02 02:35:45');
/*!40000 ALTER TABLE `users_lists` ENABLE KEYS */;
UNLOCK TABLES;

--
-- Final view structure for view `countries_info`
--

/*!50001 DROP VIEW IF EXISTS `countries_info`*/;
/*!50001 SET @saved_cs_client          = @@character_set_client */;
/*!50001 SET @saved_cs_results         = @@character_set_results */;
/*!50001 SET @saved_col_connection     = @@collation_connection */;
/*!50001 SET character_set_client      = utf8mb4 */;
/*!50001 SET character_set_results     = utf8mb4 */;
/*!50001 SET collation_connection      = utf8mb4_0900_ai_ci */;
/*!50001 CREATE ALGORITHM=UNDEFINED */
/*!50013 DEFINER=`root`@`localhost` SQL SECURITY DEFINER */
/*!50001 VIEW `countries_info` AS select distinct `countries`.`id` AS `id`,`countries`.`name` AS `country`,`ac`.`a_id` AS `total_autors`,`uc`.`u_id` AS `total_users`,`xx`.`tt` AS `total_titles` from (((`countries` left join (select `autors`.`country_id` AS `country_id`,count(`autors`.`id`) OVER (PARTITION BY `autors`.`country_id` )  AS `a_id` from `autors`) `ac` on((`countries`.`id` = `ac`.`country_id`))) left join (select `user_profiles`.`country_id` AS `country_id`,count(`user_profiles`.`user_id`) OVER (PARTITION BY `user_profiles`.`country_id` )  AS `u_id` from `user_profiles`) `uc` on((`countries`.`id` = `uc`.`country_id`))) left join (select distinct `a_c`.`cid` AS `u_cid`,count(`titles`.`title`) OVER (PARTITION BY `a_c`.`cid` )  AS `tt` from (`titles` left join (select `autors`.`id` AS `a_id`,`countries`.`id` AS `cid` from (`countries` left join `autors` on((`autors`.`country_id` = `countries`.`id`)))) `a_c` on((`a_c`.`a_id` = `titles`.`autor_id`)))) `xx` on((`countries`.`id` = `xx`.`u_cid`))) */;
/*!50001 SET character_set_client      = @saved_cs_client */;
/*!50001 SET character_set_results     = @saved_cs_results */;
/*!50001 SET collation_connection      = @saved_col_connection */;

--
-- Final view structure for view `reviews_info`
--

/*!50001 DROP VIEW IF EXISTS `reviews_info`*/;
/*!50001 SET @saved_cs_client          = @@character_set_client */;
/*!50001 SET @saved_cs_results         = @@character_set_results */;
/*!50001 SET @saved_col_connection     = @@collation_connection */;
/*!50001 SET character_set_client      = utf8mb4 */;
/*!50001 SET character_set_results     = utf8mb4 */;
/*!50001 SET collation_connection      = utf8mb4_0900_ai_ci */;
/*!50001 CREATE ALGORITHM=UNDEFINED */
/*!50013 DEFINER=`root`@`localhost` SQL SECURITY DEFINER */
/*!50001 VIEW `reviews_info` AS select `r`.`title_id` AS `t_id`,`t`.`title` AS `title`,`r`.`id` AS `rev_id`,`r`.`body` AS `body`,(case `r`.`is_positive` when 1 then 'positive' when 0 then 'negative' end) AS `mood`,`u`.`nick_name` AS `nick_name` from ((`reviews` `r` join `titles` `t` on((`r`.`title_id` = `t`.`id`))) join `users` `u` on((`r`.`user_id` = `u`.`id`))) order by `r`.`id` */;
/*!50001 SET character_set_client      = @saved_cs_client */;
/*!50001 SET character_set_results     = @saved_cs_results */;
/*!50001 SET collation_connection      = @saved_col_connection */;

--
-- Final view structure for view `user_info`
--

/*!50001 DROP VIEW IF EXISTS `user_info`*/;
/*!50001 SET @saved_cs_client          = @@character_set_client */;
/*!50001 SET @saved_cs_results         = @@character_set_results */;
/*!50001 SET @saved_col_connection     = @@collation_connection */;
/*!50001 SET character_set_client      = utf8mb4 */;
/*!50001 SET character_set_results     = utf8mb4 */;
/*!50001 SET collation_connection      = utf8mb4_0900_ai_ci */;
/*!50001 CREATE ALGORITHM=UNDEFINED */
/*!50013 DEFINER=`root`@`localhost` SQL SECURITY DEFINER */
/*!50001 VIEW `user_info` AS select `u`.`id` AS `u_id`,concat_ws(' ',`up`.`first_name`,`up`.`last_name`) AS `full_name`,`u`.`nick_name` AS `nickname`,`u`.`email` AS `email`,`c`.`name` AS `name`,`up`.`date_of_birth` AS `date_of_birth`,timestampdiff(YEAR,`up`.`date_of_birth`,now()) AS `age`,(case `up`.`gender` when 'M' then 'male' when 'F' then 'female' when 'ud' then 'undefined' end) AS `gender`,`fa_t`.`c` AS `autors`,`fu_t`.`c` AS `followers`,`fu_f`.`c` AS `following`,`to_w`.`c` AS `to_wish`,`reed`.`c` AS `titles_reed`,`fav`.`c` AS `to_favorit`,`r`.`c` AS `reviews`,`r2`.`c` AS `rated_titles`,`r2`.`avg_rating` AS `avg_rating`,`lk`.`c` AS `likes`,`up`.`about` AS `about` from (((((((((((`users` `u` left join `user_profiles` `up` on((`u`.`id` = `up`.`user_id`))) left join `countries` `c` on((`up`.`country_id` = `c`.`id`))) left join (select count(`follow_autors`.`id`) AS `c`,`follow_autors`.`user_id` AS `user_id` from `follow_autors` group by `follow_autors`.`user_id`) `fa_t` on((`u`.`id` = `fa_t`.`user_id`))) left join (select count(`follow_users`.`id`) AS `c`,`follow_users`.`follower_id` AS `follower_id` from `follow_users` group by `follow_users`.`follower_id`) `fu_t` on((`u`.`id` = `fu_t`.`follower_id`))) left join (select count(`follow_users`.`id`) AS `c`,`follow_users`.`user_id` AS `user_id` from `follow_users` group by `follow_users`.`user_id`) `fu_f` on((`u`.`id` = `fu_f`.`user_id`))) left join (select `ul2`.`user_id` AS `user_id`,count(`ul2`.`title_id`) AS `c` from `users_lists` `ul2` where (`ul2`.`list_type_id` = 3) group by `ul2`.`user_id`) `to_w` on((`u`.`id` = `to_w`.`user_id`))) left join (select `ul2`.`user_id` AS `user_id`,count(`ul2`.`title_id`) AS `c` from `users_lists` `ul2` where (`ul2`.`list_type_id` = 2) group by `ul2`.`user_id`) `reed` on((`u`.`id` = `reed`.`user_id`))) left join (select `ul2`.`user_id` AS `user_id`,count(`ul2`.`title_id`) AS `c` from `users_lists` `ul2` where (`ul2`.`list_type_id` = 1) group by `ul2`.`user_id`) `fav` on((`u`.`id` = `fav`.`user_id`))) left join (select count(`reviews`.`id`) AS `c`,`reviews`.`user_id` AS `user_id` from `reviews` group by `reviews`.`user_id`) `r` on((`u`.`id` = `r`.`user_id`))) left join (select count(`ratings`.`id`) AS `c`,round(avg(`ratings`.`rating`),0) AS `avg_rating`,`ratings`.`user_id` AS `user_id` from `ratings` group by `ratings`.`user_id`) `r2` on((`u`.`id` = `r2`.`user_id`))) left join (select count(`likes`.`id`) AS `c`,`likes`.`user_id` AS `user_id` from `likes` group by `likes`.`user_id`) `lk` on((`u`.`id` = `lk`.`user_id`))) order by `u`.`id` */;
/*!50001 SET character_set_client      = @saved_cs_client */;
/*!50001 SET character_set_results     = @saved_cs_results */;
/*!50001 SET collation_connection      = @saved_col_connection */;
/*!40103 SET TIME_ZONE=@OLD_TIME_ZONE */;

/*!40101 SET SQL_MODE=@OLD_SQL_MODE */;
/*!40014 SET FOREIGN_KEY_CHECKS=@OLD_FOREIGN_KEY_CHECKS */;
/*!40014 SET UNIQUE_CHECKS=@OLD_UNIQUE_CHECKS */;
/*!40101 SET CHARACTER_SET_CLIENT=@OLD_CHARACTER_SET_CLIENT */;
/*!40101 SET CHARACTER_SET_RESULTS=@OLD_CHARACTER_SET_RESULTS */;
/*!40101 SET COLLATION_CONNECTION=@OLD_COLLATION_CONNECTION */;
/*!40111 SET SQL_NOTES=@OLD_SQL_NOTES */;

-- Dump completed on 2020-12-21 16:42:54
